"functional_group_id","functional_group","function_id","function","sub_function_id","sub_function","department_id","department","expenses_type_id","expenses_type","state_id","state","year","amount_approved","amount_executed"
"4","Otras no Clasificadas en Funciones Anteriores","402","Transferencias, Participaciones y Aportaciones entre Diferentes Niveles y Ordenes de Gobierno","40202","Participaciones entre Diferentes Niveles y Ordenes de Gobierno","41","Participaciones a Entidades Federativas y Municipios","9","Participaciones",1,"Aguascalientes",2013,5991906110,5900055290
"4","Otras no Clasificadas en Funciones Anteriores","402","Transferencias, Participaciones y Aportaciones entre Diferentes Niveles y Ordenes de Gobierno","40202","Participaciones entre Diferentes Niveles y Ordenes de Gobierno","41","Participaciones a Entidades Federativas y Municipios","9","Participaciones",1,"Aguascalientes",2014,6360500342,6383714232
"4","Otras no Clasificadas en Funciones Anteriores","402","Transferencias, Participaciones y Aportaciones entre Diferentes Niveles y Ordenes de Gobierno","40202","Participaciones entre Diferentes Niveles y Ordenes de Gobierno","41","Participaciones a Entidades Federativas y Municipios","9","Participaciones",1,"Aguascalientes",2015,6766101185,6988443042
"4","Otras no Clasificadas en Funciones Anteriores","402","Transferencias, Participaciones y Aportaciones entre Diferentes Niveles y Ordenes de Gobierno","40202","Participaciones entre Diferentes Niveles y Ordenes de Gobierno","41","Participaciones a Entidades Federativas y Municipios","9","Participaciones",1,"Aguascalientes",2016,7430101391,7779799643
"4","Otras no Clasificadas en Funciones Anteriores","402","Transferencias, Participaciones y Aportaciones entre Diferentes Niveles y Ordenes de Gobierno","40202","Participaciones entre Diferentes Niveles y Ordenes de Gobierno","41","Participaciones a Entidades Federativas y Municipios","9","Participaciones",1,"Aguascalientes",2017,7937560006,8183295002
"4","Otras no Clasificadas en Funciones Anteriores","402","Transferencias, Participaciones y Aportaciones entre Diferentes Niveles y Ordenes de Gobierno","40202","Participaciones entre Diferentes Niveles y Ordenes de Gobierno","41","Participaciones a Entidades Federativas y Municipios","9","Participaciones",1,"Aguascalientes",2018,8720484214,9200122149
"4","Otras no Clasificadas en Funciones Anteriores","402","Transferencias, Participaciones y Aportaciones entre Diferentes Niveles y Ordenes de Gobierno","40202","Participaciones entre Diferentes Niveles y Ordenes de Gobierno","41","Participaciones a Entidades Federativas y Municipios","9","Participaciones",1,"Aguascalientes",2019,9725695241,9227726295
"4","Otras no Clasificadas en Funciones Anteriores","402","Transferencias, Participaciones y Aportaciones entre Diferentes Niveles y Ordenes de Gobierno","40202","Participaciones entre Diferentes Niveles y Ordenes de Gobierno","41","Participaciones a Entidades Federativas y Municipios","9","Participaciones",1,"Aguascalientes",2020,10187907101,9218701047
"4","Otras no Clasificadas en Funciones Anteriores","402","Transferencias, Participaciones y Aportaciones entre Diferentes Niveles y Ordenes de Gobierno","40202","Participaciones entre Diferentes Niveles y Ordenes de Gobierno","41","Participaciones a Entidades Federativas y Municipios","9","Participaciones",2,"Baja California",2013,15306270080,14716496180
"4","Otras no Clasificadas en Funciones Anteriores","402","Transferencias, Participaciones y Aportaciones entre Diferentes Niveles y Ordenes de Gobierno","40202","Participaciones entre Diferentes Niveles y Ordenes de Gobierno","41","Participaciones a Entidades Federativas y Municipios","9","Participaciones",2,"Baja California",2014,16354279464,16262229352
"4","Otras no Clasificadas en Funciones Anteriores","402","Transferencias, Participaciones y Aportaciones entre Diferentes Niveles y Ordenes de Gobierno","40202","Participaciones entre Diferentes Niveles y Ordenes de Gobierno","41","Participaciones a Entidades Federativas y Municipios","9","Participaciones",2,"Baja California",2015,17040215574,17175393113
"4","Otras no Clasificadas en Funciones Anteriores","402","Transferencias, Participaciones y Aportaciones entre Diferentes Niveles y Ordenes de Gobierno","40202","Participaciones entre Diferentes Niveles y Ordenes de Gobierno","41","Participaciones a Entidades Federativas y Municipios","9","Participaciones",2,"Baja California",2016,18607500511,19845425863
"4","Otras no Clasificadas en Funciones Anteriores","402","Transferencias, Participaciones y Aportaciones entre Diferentes Niveles y Ordenes de Gobierno","40202","Participaciones entre Diferentes Niveles y Ordenes de Gobierno","41","Participaciones a Entidades Federativas y Municipios","9","Participaciones",2,"Baja California",2017,21003602635,22825976324
"4","Otras no Clasificadas en Funciones Anteriores","402","Transferencias, Participaciones y Aportaciones entre Diferentes Niveles y Ordenes de Gobierno","40202","Participaciones entre Diferentes Niveles y Ordenes de Gobierno","41","Participaciones a Entidades Federativas y Municipios","9","Participaciones",2,"Baja California",2018,23687673855,24571835730
"4","Otras no Clasificadas en Funciones Anteriores","402","Transferencias, Participaciones y Aportaciones entre Diferentes Niveles y Ordenes de Gobierno","40202","Participaciones entre Diferentes Niveles y Ordenes de Gobierno","41","Participaciones a Entidades Federativas y Municipios","9","Participaciones",2,"Baja California",2019,27448504697,24622831915
"4","Otras no Clasificadas en Funciones Anteriores","402","Transferencias, Participaciones y Aportaciones entre Diferentes Niveles y Ordenes de Gobierno","40202","Participaciones entre Diferentes Niveles y Ordenes de Gobierno","41","Participaciones a Entidades Federativas y Municipios","9","Participaciones",2,"Baja California",2020,28472379118,25905512796
"4","Otras no Clasificadas en Funciones Anteriores","402","Transferencias, Participaciones y Aportaciones entre Diferentes Niveles y Ordenes de Gobierno","40202","Participaciones entre Diferentes Niveles y Ordenes de Gobierno","41","Participaciones a Entidades Federativas y Municipios","9","Participaciones",3,"Baja California Sur",2013,3575643556,3560923797
"4","Otras no Clasificadas en Funciones Anteriores","402","Transferencias, Participaciones y Aportaciones entre Diferentes Niveles y Ordenes de Gobierno","40202","Participaciones entre Diferentes Niveles y Ordenes de Gobierno","41","Participaciones a Entidades Federativas y Municipios","9","Participaciones",3,"Baja California Sur",2014,3833994549,3891591715
"4","Otras no Clasificadas en Funciones Anteriores","402","Transferencias, Participaciones y Aportaciones entre Diferentes Niveles y Ordenes de Gobierno","40202","Participaciones entre Diferentes Niveles y Ordenes de Gobierno","41","Participaciones a Entidades Federativas y Municipios","9","Participaciones",3,"Baja California Sur",2015,4020283386,4112581572
"4","Otras no Clasificadas en Funciones Anteriores","402","Transferencias, Participaciones y Aportaciones entre Diferentes Niveles y Ordenes de Gobierno","40202","Participaciones entre Diferentes Niveles y Ordenes de Gobierno","41","Participaciones a Entidades Federativas y Municipios","9","Participaciones",3,"Baja California Sur",2016,4267968862,4429967178
"4","Otras no Clasificadas en Funciones Anteriores","402","Transferencias, Participaciones y Aportaciones entre Diferentes Niveles y Ordenes de Gobierno","40202","Participaciones entre Diferentes Niveles y Ordenes de Gobierno","41","Participaciones a Entidades Federativas y Municipios","9","Participaciones",3,"Baja California Sur",2017,4633617873,5342812015
"4","Otras no Clasificadas en Funciones Anteriores","402","Transferencias, Participaciones y Aportaciones entre Diferentes Niveles y Ordenes de Gobierno","40202","Participaciones entre Diferentes Niveles y Ordenes de Gobierno","41","Participaciones a Entidades Federativas y Municipios","9","Participaciones",3,"Baja California Sur",2018,5462000038,6084137840
"4","Otras no Clasificadas en Funciones Anteriores","402","Transferencias, Participaciones y Aportaciones entre Diferentes Niveles y Ordenes de Gobierno","40202","Participaciones entre Diferentes Niveles y Ordenes de Gobierno","41","Participaciones a Entidades Federativas y Municipios","9","Participaciones",3,"Baja California Sur",2019,6472574248,6663310710
"4","Otras no Clasificadas en Funciones Anteriores","402","Transferencias, Participaciones y Aportaciones entre Diferentes Niveles y Ordenes de Gobierno","40202","Participaciones entre Diferentes Niveles y Ordenes de Gobierno","41","Participaciones a Entidades Federativas y Municipios","9","Participaciones",3,"Baja California Sur",2020,6817691554,6317879746
"4","Otras no Clasificadas en Funciones Anteriores","402","Transferencias, Participaciones y Aportaciones entre Diferentes Niveles y Ordenes de Gobierno","40202","Participaciones entre Diferentes Niveles y Ordenes de Gobierno","41","Participaciones a Entidades Federativas y Municipios","9","Participaciones",4,"Campeche",2013,6719475373,6920946550
"4","Otras no Clasificadas en Funciones Anteriores","402","Transferencias, Participaciones y Aportaciones entre Diferentes Niveles y Ordenes de Gobierno","40202","Participaciones entre Diferentes Niveles y Ordenes de Gobierno","41","Participaciones a Entidades Federativas y Municipios","9","Participaciones",4,"Campeche",2014,6800500512,6999367348
"4","Otras no Clasificadas en Funciones Anteriores","402","Transferencias, Participaciones y Aportaciones entre Diferentes Niveles y Ordenes de Gobierno","40202","Participaciones entre Diferentes Niveles y Ordenes de Gobierno","41","Participaciones a Entidades Federativas y Municipios","9","Participaciones",4,"Campeche",2015,7949300973,8430926990
"4","Otras no Clasificadas en Funciones Anteriores","402","Transferencias, Participaciones y Aportaciones entre Diferentes Niveles y Ordenes de Gobierno","40202","Participaciones entre Diferentes Niveles y Ordenes de Gobierno","41","Participaciones a Entidades Federativas y Municipios","9","Participaciones",4,"Campeche",2016,7598661304,7948446667
"4","Otras no Clasificadas en Funciones Anteriores","402","Transferencias, Participaciones y Aportaciones entre Diferentes Niveles y Ordenes de Gobierno","40202","Participaciones entre Diferentes Niveles y Ordenes de Gobierno","41","Participaciones a Entidades Federativas y Municipios","9","Participaciones",4,"Campeche",2017,7229089459,7101486814
"4","Otras no Clasificadas en Funciones Anteriores","402","Transferencias, Participaciones y Aportaciones entre Diferentes Niveles y Ordenes de Gobierno","40202","Participaciones entre Diferentes Niveles y Ordenes de Gobierno","41","Participaciones a Entidades Federativas y Municipios","9","Participaciones",4,"Campeche",2018,8587251766,8884812073
"4","Otras no Clasificadas en Funciones Anteriores","402","Transferencias, Participaciones y Aportaciones entre Diferentes Niveles y Ordenes de Gobierno","40202","Participaciones entre Diferentes Niveles y Ordenes de Gobierno","41","Participaciones a Entidades Federativas y Municipios","9","Participaciones",4,"Campeche",2019,9893848991,9748032274
"4","Otras no Clasificadas en Funciones Anteriores","402","Transferencias, Participaciones y Aportaciones entre Diferentes Niveles y Ordenes de Gobierno","40202","Participaciones entre Diferentes Niveles y Ordenes de Gobierno","41","Participaciones a Entidades Federativas y Municipios","9","Participaciones",4,"Campeche",2020,9557190313,8634297576
"4","Otras no Clasificadas en Funciones Anteriores","402","Transferencias, Participaciones y Aportaciones entre Diferentes Niveles y Ordenes de Gobierno","40202","Participaciones entre Diferentes Niveles y Ordenes de Gobierno","41","Participaciones a Entidades Federativas y Municipios","9","Participaciones",5,"Coahuila de Zaragoza",2013,12691068371,12573351659
"4","Otras no Clasificadas en Funciones Anteriores","402","Transferencias, Participaciones y Aportaciones entre Diferentes Niveles y Ordenes de Gobierno","40202","Participaciones entre Diferentes Niveles y Ordenes de Gobierno","41","Participaciones a Entidades Federativas y Municipios","9","Participaciones",5,"Coahuila de Zaragoza",2014,13838831303,13942695971
"4","Otras no Clasificadas en Funciones Anteriores","402","Transferencias, Participaciones y Aportaciones entre Diferentes Niveles y Ordenes de Gobierno","40202","Participaciones entre Diferentes Niveles y Ordenes de Gobierno","41","Participaciones a Entidades Federativas y Municipios","9","Participaciones",5,"Coahuila de Zaragoza",2015,14712264055,14461503339
"4","Otras no Clasificadas en Funciones Anteriores","402","Transferencias, Participaciones y Aportaciones entre Diferentes Niveles y Ordenes de Gobierno","40202","Participaciones entre Diferentes Niveles y Ordenes de Gobierno","41","Participaciones a Entidades Federativas y Municipios","9","Participaciones",5,"Coahuila de Zaragoza",2016,15837698662,16719116186
"4","Otras no Clasificadas en Funciones Anteriores","402","Transferencias, Participaciones y Aportaciones entre Diferentes Niveles y Ordenes de Gobierno","40202","Participaciones entre Diferentes Niveles y Ordenes de Gobierno","41","Participaciones a Entidades Federativas y Municipios","9","Participaciones",5,"Coahuila de Zaragoza",2017,17220784977,18553252355
"4","Otras no Clasificadas en Funciones Anteriores","402","Transferencias, Participaciones y Aportaciones entre Diferentes Niveles y Ordenes de Gobierno","40202","Participaciones entre Diferentes Niveles y Ordenes de Gobierno","41","Participaciones a Entidades Federativas y Municipios","9","Participaciones",5,"Coahuila de Zaragoza",2018,19277011684,19515163821
"4","Otras no Clasificadas en Funciones Anteriores","402","Transferencias, Participaciones y Aportaciones entre Diferentes Niveles y Ordenes de Gobierno","40202","Participaciones entre Diferentes Niveles y Ordenes de Gobierno","41","Participaciones a Entidades Federativas y Municipios","9","Participaciones",5,"Coahuila de Zaragoza",2019,21719474272,20811760149
"4","Otras no Clasificadas en Funciones Anteriores","402","Transferencias, Participaciones y Aportaciones entre Diferentes Niveles y Ordenes de Gobierno","40202","Participaciones entre Diferentes Niveles y Ordenes de Gobierno","41","Participaciones a Entidades Federativas y Municipios","9","Participaciones",5,"Coahuila de Zaragoza",2020,22452912147,19328974751
"4","Otras no Clasificadas en Funciones Anteriores","402","Transferencias, Participaciones y Aportaciones entre Diferentes Niveles y Ordenes de Gobierno","40202","Participaciones entre Diferentes Niveles y Ordenes de Gobierno","41","Participaciones a Entidades Federativas y Municipios","9","Participaciones",6,"Colima",2013,3835928654,3696288163
"4","Otras no Clasificadas en Funciones Anteriores","402","Transferencias, Participaciones y Aportaciones entre Diferentes Niveles y Ordenes de Gobierno","40202","Participaciones entre Diferentes Niveles y Ordenes de Gobierno","41","Participaciones a Entidades Federativas y Municipios","9","Participaciones",6,"Colima",2014,3951526970,3939137312
"4","Otras no Clasificadas en Funciones Anteriores","402","Transferencias, Participaciones y Aportaciones entre Diferentes Niveles y Ordenes de Gobierno","40202","Participaciones entre Diferentes Niveles y Ordenes de Gobierno","41","Participaciones a Entidades Federativas y Municipios","9","Participaciones",6,"Colima",2015,4579152502,4230416312
"4","Otras no Clasificadas en Funciones Anteriores","402","Transferencias, Participaciones y Aportaciones entre Diferentes Niveles y Ordenes de Gobierno","40202","Participaciones entre Diferentes Niveles y Ordenes de Gobierno","41","Participaciones a Entidades Federativas y Municipios","9","Participaciones",6,"Colima",2016,4601810486,4918638564
"4","Otras no Clasificadas en Funciones Anteriores","402","Transferencias, Participaciones y Aportaciones entre Diferentes Niveles y Ordenes de Gobierno","40202","Participaciones entre Diferentes Niveles y Ordenes de Gobierno","41","Participaciones a Entidades Federativas y Municipios","9","Participaciones",6,"Colima",2017,4771134882,5229783954
"4","Otras no Clasificadas en Funciones Anteriores","402","Transferencias, Participaciones y Aportaciones entre Diferentes Niveles y Ordenes de Gobierno","40202","Participaciones entre Diferentes Niveles y Ordenes de Gobierno","41","Participaciones a Entidades Federativas y Municipios","9","Participaciones",6,"Colima",2018,5445838678,5797725970
"4","Otras no Clasificadas en Funciones Anteriores","402","Transferencias, Participaciones y Aportaciones entre Diferentes Niveles y Ordenes de Gobierno","40202","Participaciones entre Diferentes Niveles y Ordenes de Gobierno","41","Participaciones a Entidades Federativas y Municipios","9","Participaciones",6,"Colima",2019,6031416940,5641579825
"4","Otras no Clasificadas en Funciones Anteriores","402","Transferencias, Participaciones y Aportaciones entre Diferentes Niveles y Ordenes de Gobierno","40202","Participaciones entre Diferentes Niveles y Ordenes de Gobierno","41","Participaciones a Entidades Federativas y Municipios","9","Participaciones",6,"Colima",2020,6231587409,5995369837
"4","Otras no Clasificadas en Funciones Anteriores","402","Transferencias, Participaciones y Aportaciones entre Diferentes Niveles y Ordenes de Gobierno","40202","Participaciones entre Diferentes Niveles y Ordenes de Gobierno","41","Participaciones a Entidades Federativas y Municipios","9","Participaciones",7,"Chiapas",2013,22025701452,21514875103
"4","Otras no Clasificadas en Funciones Anteriores","402","Transferencias, Participaciones y Aportaciones entre Diferentes Niveles y Ordenes de Gobierno","40202","Participaciones entre Diferentes Niveles y Ordenes de Gobierno","41","Participaciones a Entidades Federativas y Municipios","9","Participaciones",7,"Chiapas",2014,23067608608,23486693552
"4","Otras no Clasificadas en Funciones Anteriores","402","Transferencias, Participaciones y Aportaciones entre Diferentes Niveles y Ordenes de Gobierno","40202","Participaciones entre Diferentes Niveles y Ordenes de Gobierno","41","Participaciones a Entidades Federativas y Municipios","9","Participaciones",7,"Chiapas",2015,24316808497,24337850784
"4","Otras no Clasificadas en Funciones Anteriores","402","Transferencias, Participaciones y Aportaciones entre Diferentes Niveles y Ordenes de Gobierno","40202","Participaciones entre Diferentes Niveles y Ordenes de Gobierno","41","Participaciones a Entidades Federativas y Municipios","9","Participaciones",7,"Chiapas",2016,26104120384,26926634599
"4","Otras no Clasificadas en Funciones Anteriores","402","Transferencias, Participaciones y Aportaciones entre Diferentes Niveles y Ordenes de Gobierno","40202","Participaciones entre Diferentes Niveles y Ordenes de Gobierno","41","Participaciones a Entidades Federativas y Municipios","9","Participaciones",7,"Chiapas",2017,27569537186,29705763253
"4","Otras no Clasificadas en Funciones Anteriores","402","Transferencias, Participaciones y Aportaciones entre Diferentes Niveles y Ordenes de Gobierno","40202","Participaciones entre Diferentes Niveles y Ordenes de Gobierno","41","Participaciones a Entidades Federativas y Municipios","9","Participaciones",7,"Chiapas",2018,30229497320,31979497156
"4","Otras no Clasificadas en Funciones Anteriores","402","Transferencias, Participaciones y Aportaciones entre Diferentes Niveles y Ordenes de Gobierno","40202","Participaciones entre Diferentes Niveles y Ordenes de Gobierno","41","Participaciones a Entidades Federativas y Municipios","9","Participaciones",7,"Chiapas",2019,33447787863,31772110043
"4","Otras no Clasificadas en Funciones Anteriores","402","Transferencias, Participaciones y Aportaciones entre Diferentes Niveles y Ordenes de Gobierno","40202","Participaciones entre Diferentes Niveles y Ordenes de Gobierno","41","Participaciones a Entidades Federativas y Municipios","9","Participaciones",7,"Chiapas",2020,34562615253,33986010476
"4","Otras no Clasificadas en Funciones Anteriores","402","Transferencias, Participaciones y Aportaciones entre Diferentes Niveles y Ordenes de Gobierno","40202","Participaciones entre Diferentes Niveles y Ordenes de Gobierno","41","Participaciones a Entidades Federativas y Municipios","9","Participaciones",8,"Chihuahua",2013,15364151774,15327864409
"4","Otras no Clasificadas en Funciones Anteriores","402","Transferencias, Participaciones y Aportaciones entre Diferentes Niveles y Ordenes de Gobierno","40202","Participaciones entre Diferentes Niveles y Ordenes de Gobierno","41","Participaciones a Entidades Federativas y Municipios","9","Participaciones",8,"Chihuahua",2014,16915495488,17330966120
"4","Otras no Clasificadas en Funciones Anteriores","402","Transferencias, Participaciones y Aportaciones entre Diferentes Niveles y Ordenes de Gobierno","40202","Participaciones entre Diferentes Niveles y Ordenes de Gobierno","41","Participaciones a Entidades Federativas y Municipios","9","Participaciones",8,"Chihuahua",2015,17406066439,18685759483
"4","Otras no Clasificadas en Funciones Anteriores","402","Transferencias, Participaciones y Aportaciones entre Diferentes Niveles y Ordenes de Gobierno","40202","Participaciones entre Diferentes Niveles y Ordenes de Gobierno","41","Participaciones a Entidades Federativas y Municipios","9","Participaciones",8,"Chihuahua",2016,19783510135,20268493321
"4","Otras no Clasificadas en Funciones Anteriores","402","Transferencias, Participaciones y Aportaciones entre Diferentes Niveles y Ordenes de Gobierno","40202","Participaciones entre Diferentes Niveles y Ordenes de Gobierno","41","Participaciones a Entidades Federativas y Municipios","9","Participaciones",8,"Chihuahua",2017,22201315021,23278107541
"4","Otras no Clasificadas en Funciones Anteriores","402","Transferencias, Participaciones y Aportaciones entre Diferentes Niveles y Ordenes de Gobierno","40202","Participaciones entre Diferentes Niveles y Ordenes de Gobierno","41","Participaciones a Entidades Federativas y Municipios","9","Participaciones",8,"Chihuahua",2018,24324964232,24501901721
"4","Otras no Clasificadas en Funciones Anteriores","402","Transferencias, Participaciones y Aportaciones entre Diferentes Niveles y Ordenes de Gobierno","40202","Participaciones entre Diferentes Niveles y Ordenes de Gobierno","41","Participaciones a Entidades Federativas y Municipios","9","Participaciones",8,"Chihuahua",2019,27323380072,25529323187
"4","Otras no Clasificadas en Funciones Anteriores","402","Transferencias, Participaciones y Aportaciones entre Diferentes Niveles y Ordenes de Gobierno","40202","Participaciones entre Diferentes Niveles y Ordenes de Gobierno","41","Participaciones a Entidades Federativas y Municipios","9","Participaciones",8,"Chihuahua",2020,28237943842,25626092450
"4","Otras no Clasificadas en Funciones Anteriores","402","Transferencias, Participaciones y Aportaciones entre Diferentes Niveles y Ordenes de Gobierno","40202","Participaciones entre Diferentes Niveles y Ordenes de Gobierno","41","Participaciones a Entidades Federativas y Municipios","9","Participaciones",9,"Ciudad de México",2013,58339441977,58319548968
"4","Otras no Clasificadas en Funciones Anteriores","402","Transferencias, Participaciones y Aportaciones entre Diferentes Niveles y Ordenes de Gobierno","40202","Participaciones entre Diferentes Niveles y Ordenes de Gobierno","41","Participaciones a Entidades Federativas y Municipios","9","Participaciones",9,"Ciudad de México",2014,62554874657,63215688181
"4","Otras no Clasificadas en Funciones Anteriores","402","Transferencias, Participaciones y Aportaciones entre Diferentes Niveles y Ordenes de Gobierno","40202","Participaciones entre Diferentes Niveles y Ordenes de Gobierno","41","Participaciones a Entidades Federativas y Municipios","9","Participaciones",9,"Ciudad de México",2015,64928219882,72642289675
"4","Otras no Clasificadas en Funciones Anteriores","402","Transferencias, Participaciones y Aportaciones entre Diferentes Niveles y Ordenes de Gobierno","40202","Participaciones entre Diferentes Niveles y Ordenes de Gobierno","41","Participaciones a Entidades Federativas y Municipios","9","Participaciones",9,"Ciudad de México",2016,72677254885,80970950030
"4","Otras no Clasificadas en Funciones Anteriores","402","Transferencias, Participaciones y Aportaciones entre Diferentes Niveles y Ordenes de Gobierno","40202","Participaciones entre Diferentes Niveles y Ordenes de Gobierno","41","Participaciones a Entidades Federativas y Municipios","9","Participaciones",9,"Ciudad de México",2017,81665902455,87173153252
"4","Otras no Clasificadas en Funciones Anteriores","402","Transferencias, Participaciones y Aportaciones entre Diferentes Niveles y Ordenes de Gobierno","40202","Participaciones entre Diferentes Niveles y Ordenes de Gobierno","41","Participaciones a Entidades Federativas y Municipios","9","Participaciones",9,"Ciudad de México",2018,90225931688,92616752592
"4","Otras no Clasificadas en Funciones Anteriores","402","Transferencias, Participaciones y Aportaciones entre Diferentes Niveles y Ordenes de Gobierno","40202","Participaciones entre Diferentes Niveles y Ordenes de Gobierno","41","Participaciones a Entidades Federativas y Municipios","9","Participaciones",9,"Ciudad de México",2019,95909913647,92751397652
"4","Otras no Clasificadas en Funciones Anteriores","402","Transferencias, Participaciones y Aportaciones entre Diferentes Niveles y Ordenes de Gobierno","40202","Participaciones entre Diferentes Niveles y Ordenes de Gobierno","41","Participaciones a Entidades Federativas y Municipios","9","Participaciones",9,"Ciudad de México",2020,99748046174,86885716887
"4","Otras no Clasificadas en Funciones Anteriores","402","Transferencias, Participaciones y Aportaciones entre Diferentes Niveles y Ordenes de Gobierno","40202","Participaciones entre Diferentes Niveles y Ordenes de Gobierno","41","Participaciones a Entidades Federativas y Municipios","9","Participaciones",10,"Durango",2013,7068907515,7005470453
"4","Otras no Clasificadas en Funciones Anteriores","402","Transferencias, Participaciones y Aportaciones entre Diferentes Niveles y Ordenes de Gobierno","40202","Participaciones entre Diferentes Niveles y Ordenes de Gobierno","41","Participaciones a Entidades Federativas y Municipios","9","Participaciones",10,"Durango",2014,7544876846,7711583082
"4","Otras no Clasificadas en Funciones Anteriores","402","Transferencias, Participaciones y Aportaciones entre Diferentes Niveles y Ordenes de Gobierno","40202","Participaciones entre Diferentes Niveles y Ordenes de Gobierno","41","Participaciones a Entidades Federativas y Municipios","9","Participaciones",10,"Durango",2015,8076648195,8355080513
"4","Otras no Clasificadas en Funciones Anteriores","402","Transferencias, Participaciones y Aportaciones entre Diferentes Niveles y Ordenes de Gobierno","40202","Participaciones entre Diferentes Niveles y Ordenes de Gobierno","41","Participaciones a Entidades Federativas y Municipios","9","Participaciones",10,"Durango",2016,8849834567,9085628878
"4","Otras no Clasificadas en Funciones Anteriores","402","Transferencias, Participaciones y Aportaciones entre Diferentes Niveles y Ordenes de Gobierno","40202","Participaciones entre Diferentes Niveles y Ordenes de Gobierno","41","Participaciones a Entidades Federativas y Municipios","9","Participaciones",10,"Durango",2017,9552745396,10414836366
"4","Otras no Clasificadas en Funciones Anteriores","402","Transferencias, Participaciones y Aportaciones entre Diferentes Niveles y Ordenes de Gobierno","40202","Participaciones entre Diferentes Niveles y Ordenes de Gobierno","41","Participaciones a Entidades Federativas y Municipios","9","Participaciones",10,"Durango",2018,10892562144,11451490829
"4","Otras no Clasificadas en Funciones Anteriores","402","Transferencias, Participaciones y Aportaciones entre Diferentes Niveles y Ordenes de Gobierno","40202","Participaciones entre Diferentes Niveles y Ordenes de Gobierno","41","Participaciones a Entidades Federativas y Municipios","9","Participaciones",10,"Durango",2019,12236210803,11273750702
"4","Otras no Clasificadas en Funciones Anteriores","402","Transferencias, Participaciones y Aportaciones entre Diferentes Niveles y Ordenes de Gobierno","40202","Participaciones entre Diferentes Niveles y Ordenes de Gobierno","41","Participaciones a Entidades Federativas y Municipios","9","Participaciones",10,"Durango",2020,12637871103,10826649930
"4","Otras no Clasificadas en Funciones Anteriores","402","Transferencias, Participaciones y Aportaciones entre Diferentes Niveles y Ordenes de Gobierno","40202","Participaciones entre Diferentes Niveles y Ordenes de Gobierno","41","Participaciones a Entidades Federativas y Municipios","9","Participaciones",11,"Guanajuato",2013,21650166564,21609354740
"4","Otras no Clasificadas en Funciones Anteriores","402","Transferencias, Participaciones y Aportaciones entre Diferentes Niveles y Ordenes de Gobierno","40202","Participaciones entre Diferentes Niveles y Ordenes de Gobierno","41","Participaciones a Entidades Federativas y Municipios","9","Participaciones",11,"Guanajuato",2014,23558362804,24129774957
"4","Otras no Clasificadas en Funciones Anteriores","402","Transferencias, Participaciones y Aportaciones entre Diferentes Niveles y Ordenes de Gobierno","40202","Participaciones entre Diferentes Niveles y Ordenes de Gobierno","41","Participaciones a Entidades Federativas y Municipios","9","Participaciones",11,"Guanajuato",2015,24849271580,26663472616
"4","Otras no Clasificadas en Funciones Anteriores","402","Transferencias, Participaciones y Aportaciones entre Diferentes Niveles y Ordenes de Gobierno","40202","Participaciones entre Diferentes Niveles y Ordenes de Gobierno","41","Participaciones a Entidades Federativas y Municipios","9","Participaciones",11,"Guanajuato",2016,28016807162,29932797605
"4","Otras no Clasificadas en Funciones Anteriores","402","Transferencias, Participaciones y Aportaciones entre Diferentes Niveles y Ordenes de Gobierno","40202","Participaciones entre Diferentes Niveles y Ordenes de Gobierno","41","Participaciones a Entidades Federativas y Municipios","9","Participaciones",11,"Guanajuato",2017,31109462614,33292275673
"4","Otras no Clasificadas en Funciones Anteriores","402","Transferencias, Participaciones y Aportaciones entre Diferentes Niveles y Ordenes de Gobierno","40202","Participaciones entre Diferentes Niveles y Ordenes de Gobierno","41","Participaciones a Entidades Federativas y Municipios","9","Participaciones",11,"Guanajuato",2018,34492073777,35912623589
"4","Otras no Clasificadas en Funciones Anteriores","402","Transferencias, Participaciones y Aportaciones entre Diferentes Niveles y Ordenes de Gobierno","40202","Participaciones entre Diferentes Niveles y Ordenes de Gobierno","41","Participaciones a Entidades Federativas y Municipios","9","Participaciones",11,"Guanajuato",2019,39714348193,39036262152
"4","Otras no Clasificadas en Funciones Anteriores","402","Transferencias, Participaciones y Aportaciones entre Diferentes Niveles y Ordenes de Gobierno","40202","Participaciones entre Diferentes Niveles y Ordenes de Gobierno","41","Participaciones a Entidades Federativas y Municipios","9","Participaciones",11,"Guanajuato",2020,41346077837,36463095914
"4","Otras no Clasificadas en Funciones Anteriores","402","Transferencias, Participaciones y Aportaciones entre Diferentes Niveles y Ordenes de Gobierno","40202","Participaciones entre Diferentes Niveles y Ordenes de Gobierno","41","Participaciones a Entidades Federativas y Municipios","9","Participaciones",12,"Guerrero",2013,12483630110,12281434845
"4","Otras no Clasificadas en Funciones Anteriores","402","Transferencias, Participaciones y Aportaciones entre Diferentes Niveles y Ordenes de Gobierno","40202","Participaciones entre Diferentes Niveles y Ordenes de Gobierno","41","Participaciones a Entidades Federativas y Municipios","9","Participaciones",12,"Guerrero",2014,13271517505,13825268911
"4","Otras no Clasificadas en Funciones Anteriores","402","Transferencias, Participaciones y Aportaciones entre Diferentes Niveles y Ordenes de Gobierno","40202","Participaciones entre Diferentes Niveles y Ordenes de Gobierno","41","Participaciones a Entidades Federativas y Municipios","9","Participaciones",12,"Guerrero",2015,14213110218,14983744898
"4","Otras no Clasificadas en Funciones Anteriores","402","Transferencias, Participaciones y Aportaciones entre Diferentes Niveles y Ordenes de Gobierno","40202","Participaciones entre Diferentes Niveles y Ordenes de Gobierno","41","Participaciones a Entidades Federativas y Municipios","9","Participaciones",12,"Guerrero",2016,15245773267,16033531112
"4","Otras no Clasificadas en Funciones Anteriores","402","Transferencias, Participaciones y Aportaciones entre Diferentes Niveles y Ordenes de Gobierno","40202","Participaciones entre Diferentes Niveles y Ordenes de Gobierno","41","Participaciones a Entidades Federativas y Municipios","9","Participaciones",12,"Guerrero",2017,16390451267,17069896374
"4","Otras no Clasificadas en Funciones Anteriores","402","Transferencias, Participaciones y Aportaciones entre Diferentes Niveles y Ordenes de Gobierno","40202","Participaciones entre Diferentes Niveles y Ordenes de Gobierno","41","Participaciones a Entidades Federativas y Municipios","9","Participaciones",12,"Guerrero",2018,18135233316,20237714688
"4","Otras no Clasificadas en Funciones Anteriores","402","Transferencias, Participaciones y Aportaciones entre Diferentes Niveles y Ordenes de Gobierno","40202","Participaciones entre Diferentes Niveles y Ordenes de Gobierno","41","Participaciones a Entidades Federativas y Municipios","9","Participaciones",12,"Guerrero",2019,20874982219,20176229336
"4","Otras no Clasificadas en Funciones Anteriores","402","Transferencias, Participaciones y Aportaciones entre Diferentes Niveles y Ordenes de Gobierno","40202","Participaciones entre Diferentes Niveles y Ordenes de Gobierno","41","Participaciones a Entidades Federativas y Municipios","9","Participaciones",12,"Guerrero",2020,21731843306,19730360048
"4","Otras no Clasificadas en Funciones Anteriores","402","Transferencias, Participaciones y Aportaciones entre Diferentes Niveles y Ordenes de Gobierno","40202","Participaciones entre Diferentes Niveles y Ordenes de Gobierno","41","Participaciones a Entidades Federativas y Municipios","9","Participaciones",13,"Hidalgo",2013,10993969231,10864659090
"4","Otras no Clasificadas en Funciones Anteriores","402","Transferencias, Participaciones y Aportaciones entre Diferentes Niveles y Ordenes de Gobierno","40202","Participaciones entre Diferentes Niveles y Ordenes de Gobierno","41","Participaciones a Entidades Federativas y Municipios","9","Participaciones",13,"Hidalgo",2014,11406595232,11533492274
"4","Otras no Clasificadas en Funciones Anteriores","402","Transferencias, Participaciones y Aportaciones entre Diferentes Niveles y Ordenes de Gobierno","40202","Participaciones entre Diferentes Niveles y Ordenes de Gobierno","41","Participaciones a Entidades Federativas y Municipios","9","Participaciones",13,"Hidalgo",2015,12150738272,12156720414
"4","Otras no Clasificadas en Funciones Anteriores","402","Transferencias, Participaciones y Aportaciones entre Diferentes Niveles y Ordenes de Gobierno","40202","Participaciones entre Diferentes Niveles y Ordenes de Gobierno","41","Participaciones a Entidades Federativas y Municipios","9","Participaciones",13,"Hidalgo",2016,12773041297,13748395678
"4","Otras no Clasificadas en Funciones Anteriores","402","Transferencias, Participaciones y Aportaciones entre Diferentes Niveles y Ordenes de Gobierno","40202","Participaciones entre Diferentes Niveles y Ordenes de Gobierno","41","Participaciones a Entidades Federativas y Municipios","9","Participaciones",13,"Hidalgo",2017,13931155326,15371821793
"4","Otras no Clasificadas en Funciones Anteriores","402","Transferencias, Participaciones y Aportaciones entre Diferentes Niveles y Ordenes de Gobierno","40202","Participaciones entre Diferentes Niveles y Ordenes de Gobierno","41","Participaciones a Entidades Federativas y Municipios","9","Participaciones",13,"Hidalgo",2018,15654578242,16346504693
"4","Otras no Clasificadas en Funciones Anteriores","402","Transferencias, Participaciones y Aportaciones entre Diferentes Niveles y Ordenes de Gobierno","40202","Participaciones entre Diferentes Niveles y Ordenes de Gobierno","41","Participaciones a Entidades Federativas y Municipios","9","Participaciones",13,"Hidalgo",2019,18112089872,17950480124
"4","Otras no Clasificadas en Funciones Anteriores","402","Transferencias, Participaciones y Aportaciones entre Diferentes Niveles y Ordenes de Gobierno","40202","Participaciones entre Diferentes Niveles y Ordenes de Gobierno","41","Participaciones a Entidades Federativas y Municipios","9","Participaciones",13,"Hidalgo",2020,18717695331,16597558860
"4","Otras no Clasificadas en Funciones Anteriores","402","Transferencias, Participaciones y Aportaciones entre Diferentes Niveles y Ordenes de Gobierno","40202","Participaciones entre Diferentes Niveles y Ordenes de Gobierno","41","Participaciones a Entidades Federativas y Municipios","9","Participaciones",14,"Jalisco",2013,33634602678,33432522486
"4","Otras no Clasificadas en Funciones Anteriores","402","Transferencias, Participaciones y Aportaciones entre Diferentes Niveles y Ordenes de Gobierno","40202","Participaciones entre Diferentes Niveles y Ordenes de Gobierno","41","Participaciones a Entidades Federativas y Municipios","9","Participaciones",14,"Jalisco",2014,36066532586,37054101540
"4","Otras no Clasificadas en Funciones Anteriores","402","Transferencias, Participaciones y Aportaciones entre Diferentes Niveles y Ordenes de Gobierno","40202","Participaciones entre Diferentes Niveles y Ordenes de Gobierno","41","Participaciones a Entidades Federativas y Municipios","9","Participaciones",14,"Jalisco",2015,38562254778,40966158447
"4","Otras no Clasificadas en Funciones Anteriores","402","Transferencias, Participaciones y Aportaciones entre Diferentes Niveles y Ordenes de Gobierno","40202","Participaciones entre Diferentes Niveles y Ordenes de Gobierno","41","Participaciones a Entidades Federativas y Municipios","9","Participaciones",14,"Jalisco",2016,42720239028,46364587376
"4","Otras no Clasificadas en Funciones Anteriores","402","Transferencias, Participaciones y Aportaciones entre Diferentes Niveles y Ordenes de Gobierno","40202","Participaciones entre Diferentes Niveles y Ordenes de Gobierno","41","Participaciones a Entidades Federativas y Municipios","9","Participaciones",14,"Jalisco",2017,48051274110,52495481996
"4","Otras no Clasificadas en Funciones Anteriores","402","Transferencias, Participaciones y Aportaciones entre Diferentes Niveles y Ordenes de Gobierno","40202","Participaciones entre Diferentes Niveles y Ordenes de Gobierno","41","Participaciones a Entidades Federativas y Municipios","9","Participaciones",14,"Jalisco",2018,54650046899,55376237222
"4","Otras no Clasificadas en Funciones Anteriores","402","Transferencias, Participaciones y Aportaciones entre Diferentes Niveles y Ordenes de Gobierno","40202","Participaciones entre Diferentes Niveles y Ordenes de Gobierno","41","Participaciones a Entidades Federativas y Municipios","9","Participaciones",14,"Jalisco",2019,60363828511,57081306722
"4","Otras no Clasificadas en Funciones Anteriores","402","Transferencias, Participaciones y Aportaciones entre Diferentes Niveles y Ordenes de Gobierno","40202","Participaciones entre Diferentes Niveles y Ordenes de Gobierno","41","Participaciones a Entidades Federativas y Municipios","9","Participaciones",14,"Jalisco",2020,62514097133,55205901973
"4","Otras no Clasificadas en Funciones Anteriores","402","Transferencias, Participaciones y Aportaciones entre Diferentes Niveles y Ordenes de Gobierno","40202","Participaciones entre Diferentes Niveles y Ordenes de Gobierno","41","Participaciones a Entidades Federativas y Municipios","9","Participaciones",15,"Estado de México",2013,66430580795,67012147187
"4","Otras no Clasificadas en Funciones Anteriores","402","Transferencias, Participaciones y Aportaciones entre Diferentes Niveles y Ordenes de Gobierno","40202","Participaciones entre Diferentes Niveles y Ordenes de Gobierno","41","Participaciones a Entidades Federativas y Municipios","9","Participaciones",15,"Estado de México",2014,74187508036,75029356517
"4","Otras no Clasificadas en Funciones Anteriores","402","Transferencias, Participaciones y Aportaciones entre Diferentes Niveles y Ordenes de Gobierno","40202","Participaciones entre Diferentes Niveles y Ordenes de Gobierno","41","Participaciones a Entidades Federativas y Municipios","9","Participaciones",15,"Estado de México",2015,76702149527,81478668855
"4","Otras no Clasificadas en Funciones Anteriores","402","Transferencias, Participaciones y Aportaciones entre Diferentes Niveles y Ordenes de Gobierno","40202","Participaciones entre Diferentes Niveles y Ordenes de Gobierno","41","Participaciones a Entidades Federativas y Municipios","9","Participaciones",15,"Estado de México",2016,84459280269,88306589643
"4","Otras no Clasificadas en Funciones Anteriores","402","Transferencias, Participaciones y Aportaciones entre Diferentes Niveles y Ordenes de Gobierno","40202","Participaciones entre Diferentes Niveles y Ordenes de Gobierno","41","Participaciones a Entidades Federativas y Municipios","9","Participaciones",15,"Estado de México",2017,93356789696,102082106541
"4","Otras no Clasificadas en Funciones Anteriores","402","Transferencias, Participaciones y Aportaciones entre Diferentes Niveles y Ordenes de Gobierno","40202","Participaciones entre Diferentes Niveles y Ordenes de Gobierno","41","Participaciones a Entidades Federativas y Municipios","9","Participaciones",15,"Estado de México",2018,106563206531,115312615276
"4","Otras no Clasificadas en Funciones Anteriores","402","Transferencias, Participaciones y Aportaciones entre Diferentes Niveles y Ordenes de Gobierno","40202","Participaciones entre Diferentes Niveles y Ordenes de Gobierno","41","Participaciones a Entidades Federativas y Municipios","9","Participaciones",15,"Estado de México",2019,122424721243,120899625728
"4","Otras no Clasificadas en Funciones Anteriores","402","Transferencias, Participaciones y Aportaciones entre Diferentes Niveles y Ordenes de Gobierno","40202","Participaciones entre Diferentes Niveles y Ordenes de Gobierno","41","Participaciones a Entidades Federativas y Municipios","9","Participaciones",15,"Estado de México",2020,127045727790,114707021111
"4","Otras no Clasificadas en Funciones Anteriores","402","Transferencias, Participaciones y Aportaciones entre Diferentes Niveles y Ordenes de Gobierno","40202","Participaciones entre Diferentes Niveles y Ordenes de Gobierno","41","Participaciones a Entidades Federativas y Municipios","9","Participaciones",16,"Michoacán de Ocampo",2013,16961817836,16972419928
"4","Otras no Clasificadas en Funciones Anteriores","402","Transferencias, Participaciones y Aportaciones entre Diferentes Niveles y Ordenes de Gobierno","40202","Participaciones entre Diferentes Niveles y Ordenes de Gobierno","41","Participaciones a Entidades Federativas y Municipios","9","Participaciones",16,"Michoacán de Ocampo",2014,18212485699,18425353167
"4","Otras no Clasificadas en Funciones Anteriores","402","Transferencias, Participaciones y Aportaciones entre Diferentes Niveles y Ordenes de Gobierno","40202","Participaciones entre Diferentes Niveles y Ordenes de Gobierno","41","Participaciones a Entidades Federativas y Municipios","9","Participaciones",16,"Michoacán de Ocampo",2015,19806268918,19556772102
"4","Otras no Clasificadas en Funciones Anteriores","402","Transferencias, Participaciones y Aportaciones entre Diferentes Niveles y Ordenes de Gobierno","40202","Participaciones entre Diferentes Niveles y Ordenes de Gobierno","41","Participaciones a Entidades Federativas y Municipios","9","Participaciones",16,"Michoacán de Ocampo",2016,21177578901,21974795967
"4","Otras no Clasificadas en Funciones Anteriores","402","Transferencias, Participaciones y Aportaciones entre Diferentes Niveles y Ordenes de Gobierno","40202","Participaciones entre Diferentes Niveles y Ordenes de Gobierno","41","Participaciones a Entidades Federativas y Municipios","9","Participaciones",16,"Michoacán de Ocampo",2017,22150153416,23587876320
"4","Otras no Clasificadas en Funciones Anteriores","402","Transferencias, Participaciones y Aportaciones entre Diferentes Niveles y Ordenes de Gobierno","40202","Participaciones entre Diferentes Niveles y Ordenes de Gobierno","41","Participaciones a Entidades Federativas y Municipios","9","Participaciones",16,"Michoacán de Ocampo",2018,25380927234,27112310809
"4","Otras no Clasificadas en Funciones Anteriores","402","Transferencias, Participaciones y Aportaciones entre Diferentes Niveles y Ordenes de Gobierno","40202","Participaciones entre Diferentes Niveles y Ordenes de Gobierno","41","Participaciones a Entidades Federativas y Municipios","9","Participaciones",16,"Michoacán de Ocampo",2019,28946631252,28543788610
"4","Otras no Clasificadas en Funciones Anteriores","402","Transferencias, Participaciones y Aportaciones entre Diferentes Niveles y Ordenes de Gobierno","40202","Participaciones entre Diferentes Niveles y Ordenes de Gobierno","41","Participaciones a Entidades Federativas y Municipios","9","Participaciones",16,"Michoacán de Ocampo",2020,29255503236,26450863357
"4","Otras no Clasificadas en Funciones Anteriores","402","Transferencias, Participaciones y Aportaciones entre Diferentes Niveles y Ordenes de Gobierno","40202","Participaciones entre Diferentes Niveles y Ordenes de Gobierno","41","Participaciones a Entidades Federativas y Municipios","9","Participaciones",17,"Morelos",2013,7534399572,7431089022
"4","Otras no Clasificadas en Funciones Anteriores","402","Transferencias, Participaciones y Aportaciones entre Diferentes Niveles y Ordenes de Gobierno","40202","Participaciones entre Diferentes Niveles y Ordenes de Gobierno","41","Participaciones a Entidades Federativas y Municipios","9","Participaciones",17,"Morelos",2014,8051442479,8275730206
"4","Otras no Clasificadas en Funciones Anteriores","402","Transferencias, Participaciones y Aportaciones entre Diferentes Niveles y Ordenes de Gobierno","40202","Participaciones entre Diferentes Niveles y Ordenes de Gobierno","41","Participaciones a Entidades Federativas y Municipios","9","Participaciones",17,"Morelos",2015,8578605977,8743459768
"4","Otras no Clasificadas en Funciones Anteriores","402","Transferencias, Participaciones y Aportaciones entre Diferentes Niveles y Ordenes de Gobierno","40202","Participaciones entre Diferentes Niveles y Ordenes de Gobierno","41","Participaciones a Entidades Federativas y Municipios","9","Participaciones",17,"Morelos",2016,9090676930,9113362313
"4","Otras no Clasificadas en Funciones Anteriores","402","Transferencias, Participaciones y Aportaciones entre Diferentes Niveles y Ordenes de Gobierno","40202","Participaciones entre Diferentes Niveles y Ordenes de Gobierno","41","Participaciones a Entidades Federativas y Municipios","9","Participaciones",17,"Morelos",2017,9768822991,10424154287
"4","Otras no Clasificadas en Funciones Anteriores","402","Transferencias, Participaciones y Aportaciones entre Diferentes Niveles y Ordenes de Gobierno","40202","Participaciones entre Diferentes Niveles y Ordenes de Gobierno","41","Participaciones a Entidades Federativas y Municipios","9","Participaciones",17,"Morelos",2018,10845606144,11282605344
"4","Otras no Clasificadas en Funciones Anteriores","402","Transferencias, Participaciones y Aportaciones entre Diferentes Niveles y Ordenes de Gobierno","40202","Participaciones entre Diferentes Niveles y Ordenes de Gobierno","41","Participaciones a Entidades Federativas y Municipios","9","Participaciones",17,"Morelos",2019,12319292327,11863503460
"4","Otras no Clasificadas en Funciones Anteriores","402","Transferencias, Participaciones y Aportaciones entre Diferentes Niveles y Ordenes de Gobierno","40202","Participaciones entre Diferentes Niveles y Ordenes de Gobierno","41","Participaciones a Entidades Federativas y Municipios","9","Participaciones",17,"Morelos",2020,12723771569,11035333902
"4","Otras no Clasificadas en Funciones Anteriores","402","Transferencias, Participaciones y Aportaciones entre Diferentes Niveles y Ordenes de Gobierno","40202","Participaciones entre Diferentes Niveles y Ordenes de Gobierno","41","Participaciones a Entidades Federativas y Municipios","9","Participaciones",18,"Nayarit",2013,5432461024,5327920767
"4","Otras no Clasificadas en Funciones Anteriores","402","Transferencias, Participaciones y Aportaciones entre Diferentes Niveles y Ordenes de Gobierno","40202","Participaciones entre Diferentes Niveles y Ordenes de Gobierno","41","Participaciones a Entidades Federativas y Municipios","9","Participaciones",18,"Nayarit",2014,5759090764,5870408768
"4","Otras no Clasificadas en Funciones Anteriores","402","Transferencias, Participaciones y Aportaciones entre Diferentes Niveles y Ordenes de Gobierno","40202","Participaciones entre Diferentes Niveles y Ordenes de Gobierno","41","Participaciones a Entidades Federativas y Municipios","9","Participaciones",18,"Nayarit",2015,6216801681,6280700257
"4","Otras no Clasificadas en Funciones Anteriores","402","Transferencias, Participaciones y Aportaciones entre Diferentes Niveles y Ordenes de Gobierno","40202","Participaciones entre Diferentes Niveles y Ordenes de Gobierno","41","Participaciones a Entidades Federativas y Municipios","9","Participaciones",18,"Nayarit",2016,6499454232,6939846867
"4","Otras no Clasificadas en Funciones Anteriores","402","Transferencias, Participaciones y Aportaciones entre Diferentes Niveles y Ordenes de Gobierno","40202","Participaciones entre Diferentes Niveles y Ordenes de Gobierno","41","Participaciones a Entidades Federativas y Municipios","9","Participaciones",18,"Nayarit",2017,7215565106,7795779460
"4","Otras no Clasificadas en Funciones Anteriores","402","Transferencias, Participaciones y Aportaciones entre Diferentes Niveles y Ordenes de Gobierno","40202","Participaciones entre Diferentes Niveles y Ordenes de Gobierno","41","Participaciones a Entidades Federativas y Municipios","9","Participaciones",18,"Nayarit",2018,7568106394,7971335518
"4","Otras no Clasificadas en Funciones Anteriores","402","Transferencias, Participaciones y Aportaciones entre Diferentes Niveles y Ordenes de Gobierno","40202","Participaciones entre Diferentes Niveles y Ordenes de Gobierno","41","Participaciones a Entidades Federativas y Municipios","9","Participaciones",18,"Nayarit",2019,8722226020,8876373266
"4","Otras no Clasificadas en Funciones Anteriores","402","Transferencias, Participaciones y Aportaciones entre Diferentes Niveles y Ordenes de Gobierno","40202","Participaciones entre Diferentes Niveles y Ordenes de Gobierno","41","Participaciones a Entidades Federativas y Municipios","9","Participaciones",18,"Nayarit",2020,9253596515,7893638379
"4","Otras no Clasificadas en Funciones Anteriores","402","Transferencias, Participaciones y Aportaciones entre Diferentes Niveles y Ordenes de Gobierno","40202","Participaciones entre Diferentes Niveles y Ordenes de Gobierno","41","Participaciones a Entidades Federativas y Municipios","9","Participaciones",19,"Nuevo León",2013,24131236539,23798795133
"4","Otras no Clasificadas en Funciones Anteriores","402","Transferencias, Participaciones y Aportaciones entre Diferentes Niveles y Ordenes de Gobierno","40202","Participaciones entre Diferentes Niveles y Ordenes de Gobierno","41","Participaciones a Entidades Federativas y Municipios","9","Participaciones",19,"Nuevo León",2014,25499687102,26679450780
"4","Otras no Clasificadas en Funciones Anteriores","402","Transferencias, Participaciones y Aportaciones entre Diferentes Niveles y Ordenes de Gobierno","40202","Participaciones entre Diferentes Niveles y Ordenes de Gobierno","41","Participaciones a Entidades Federativas y Municipios","9","Participaciones",19,"Nuevo León",2015,26926295129,28773862043
"4","Otras no Clasificadas en Funciones Anteriores","402","Transferencias, Participaciones y Aportaciones entre Diferentes Niveles y Ordenes de Gobierno","40202","Participaciones entre Diferentes Niveles y Ordenes de Gobierno","41","Participaciones a Entidades Federativas y Municipios","9","Participaciones",19,"Nuevo León",2016,29912808301,33532653916
"4","Otras no Clasificadas en Funciones Anteriores","402","Transferencias, Participaciones y Aportaciones entre Diferentes Niveles y Ordenes de Gobierno","40202","Participaciones entre Diferentes Niveles y Ordenes de Gobierno","41","Participaciones a Entidades Federativas y Municipios","9","Participaciones",19,"Nuevo León",2017,33312557287,36032758155
"4","Otras no Clasificadas en Funciones Anteriores","402","Transferencias, Participaciones y Aportaciones entre Diferentes Niveles y Ordenes de Gobierno","40202","Participaciones entre Diferentes Niveles y Ordenes de Gobierno","41","Participaciones a Entidades Federativas y Municipios","9","Participaciones",19,"Nuevo León",2018,35692540068,39151611736
"4","Otras no Clasificadas en Funciones Anteriores","402","Transferencias, Participaciones y Aportaciones entre Diferentes Niveles y Ordenes de Gobierno","40202","Participaciones entre Diferentes Niveles y Ordenes de Gobierno","41","Participaciones a Entidades Federativas y Municipios","9","Participaciones",19,"Nuevo León",2019,41407486026,41914781397
"4","Otras no Clasificadas en Funciones Anteriores","402","Transferencias, Participaciones y Aportaciones entre Diferentes Niveles y Ordenes de Gobierno","40202","Participaciones entre Diferentes Niveles y Ordenes de Gobierno","41","Participaciones a Entidades Federativas y Municipios","9","Participaciones",19,"Nuevo León",2020,43542756320,40127238175
"4","Otras no Clasificadas en Funciones Anteriores","402","Transferencias, Participaciones y Aportaciones entre Diferentes Niveles y Ordenes de Gobierno","40202","Participaciones entre Diferentes Niveles y Ordenes de Gobierno","41","Participaciones a Entidades Federativas y Municipios","9","Participaciones",20,"Oaxaca",2013,14437165914,14398108612
"4","Otras no Clasificadas en Funciones Anteriores","402","Transferencias, Participaciones y Aportaciones entre Diferentes Niveles y Ordenes de Gobierno","40202","Participaciones entre Diferentes Niveles y Ordenes de Gobierno","41","Participaciones a Entidades Federativas y Municipios","9","Participaciones",20,"Oaxaca",2014,15690109202,16158965597
"4","Otras no Clasificadas en Funciones Anteriores","402","Transferencias, Participaciones y Aportaciones entre Diferentes Niveles y Ordenes de Gobierno","40202","Participaciones entre Diferentes Niveles y Ordenes de Gobierno","41","Participaciones a Entidades Federativas y Municipios","9","Participaciones",20,"Oaxaca",2015,16152431894,16192687647
"4","Otras no Clasificadas en Funciones Anteriores","402","Transferencias, Participaciones y Aportaciones entre Diferentes Niveles y Ordenes de Gobierno","40202","Participaciones entre Diferentes Niveles y Ordenes de Gobierno","41","Participaciones a Entidades Federativas y Municipios","9","Participaciones",20,"Oaxaca",2016,17251461847,17767976431
"4","Otras no Clasificadas en Funciones Anteriores","402","Transferencias, Participaciones y Aportaciones entre Diferentes Niveles y Ordenes de Gobierno","40202","Participaciones entre Diferentes Niveles y Ordenes de Gobierno","41","Participaciones a Entidades Federativas y Municipios","9","Participaciones",20,"Oaxaca",2017,18397332395,19488125763
"4","Otras no Clasificadas en Funciones Anteriores","402","Transferencias, Participaciones y Aportaciones entre Diferentes Niveles y Ordenes de Gobierno","40202","Participaciones entre Diferentes Niveles y Ordenes de Gobierno","41","Participaciones a Entidades Federativas y Municipios","9","Participaciones",20,"Oaxaca",2018,20603412190,21505201221
"4","Otras no Clasificadas en Funciones Anteriores","402","Transferencias, Participaciones y Aportaciones entre Diferentes Niveles y Ordenes de Gobierno","40202","Participaciones entre Diferentes Niveles y Ordenes de Gobierno","41","Participaciones a Entidades Federativas y Municipios","9","Participaciones",20,"Oaxaca",2019,23327926972,22893903555
"4","Otras no Clasificadas en Funciones Anteriores","402","Transferencias, Participaciones y Aportaciones entre Diferentes Niveles y Ordenes de Gobierno","40202","Participaciones entre Diferentes Niveles y Ordenes de Gobierno","41","Participaciones a Entidades Federativas y Municipios","9","Participaciones",20,"Oaxaca",2020,24781378255,22175835579
"4","Otras no Clasificadas en Funciones Anteriores","402","Transferencias, Participaciones y Aportaciones entre Diferentes Niveles y Ordenes de Gobierno","40202","Participaciones entre Diferentes Niveles y Ordenes de Gobierno","41","Participaciones a Entidades Federativas y Municipios","9","Participaciones",21,"Puebla",2013,22942728225,23044703538
"4","Otras no Clasificadas en Funciones Anteriores","402","Transferencias, Participaciones y Aportaciones entre Diferentes Niveles y Ordenes de Gobierno","40202","Participaciones entre Diferentes Niveles y Ordenes de Gobierno","41","Participaciones a Entidades Federativas y Municipios","9","Participaciones",21,"Puebla",2014,25104904644,25371964164
"4","Otras no Clasificadas en Funciones Anteriores","402","Transferencias, Participaciones y Aportaciones entre Diferentes Niveles y Ordenes de Gobierno","40202","Participaciones entre Diferentes Niveles y Ordenes de Gobierno","41","Participaciones a Entidades Federativas y Municipios","9","Participaciones",21,"Puebla",2015,26159692560,26926285285
"4","Otras no Clasificadas en Funciones Anteriores","402","Transferencias, Participaciones y Aportaciones entre Diferentes Niveles y Ordenes de Gobierno","40202","Participaciones entre Diferentes Niveles y Ordenes de Gobierno","41","Participaciones a Entidades Federativas y Municipios","9","Participaciones",21,"Puebla",2016,28577810481,29372180887
"4","Otras no Clasificadas en Funciones Anteriores","402","Transferencias, Participaciones y Aportaciones entre Diferentes Niveles y Ordenes de Gobierno","40202","Participaciones entre Diferentes Niveles y Ordenes de Gobierno","41","Participaciones a Entidades Federativas y Municipios","9","Participaciones",21,"Puebla",2017,31249136316,33472973092
"4","Otras no Clasificadas en Funciones Anteriores","402","Transferencias, Participaciones y Aportaciones entre Diferentes Niveles y Ordenes de Gobierno","40202","Participaciones entre Diferentes Niveles y Ordenes de Gobierno","41","Participaciones a Entidades Federativas y Municipios","9","Participaciones",21,"Puebla",2018,35784586375,35893737560
"4","Otras no Clasificadas en Funciones Anteriores","402","Transferencias, Participaciones y Aportaciones entre Diferentes Niveles y Ordenes de Gobierno","40202","Participaciones entre Diferentes Niveles y Ordenes de Gobierno","41","Participaciones a Entidades Federativas y Municipios","9","Participaciones",21,"Puebla",2019,39688232047,38082905779
"4","Otras no Clasificadas en Funciones Anteriores","402","Transferencias, Participaciones y Aportaciones entre Diferentes Niveles y Ordenes de Gobierno","40202","Participaciones entre Diferentes Niveles y Ordenes de Gobierno","41","Participaciones a Entidades Federativas y Municipios","9","Participaciones",21,"Puebla",2020,40986610725,35438134087
"4","Otras no Clasificadas en Funciones Anteriores","402","Transferencias, Participaciones y Aportaciones entre Diferentes Niveles y Ordenes de Gobierno","40202","Participaciones entre Diferentes Niveles y Ordenes de Gobierno","41","Participaciones a Entidades Federativas y Municipios","9","Participaciones",22,"Querétaro",2013,9043130066,9114617257
"4","Otras no Clasificadas en Funciones Anteriores","402","Transferencias, Participaciones y Aportaciones entre Diferentes Niveles y Ordenes de Gobierno","40202","Participaciones entre Diferentes Niveles y Ordenes de Gobierno","41","Participaciones a Entidades Federativas y Municipios","9","Participaciones",22,"Querétaro",2014,9574729699,9986641013
"4","Otras no Clasificadas en Funciones Anteriores","402","Transferencias, Participaciones y Aportaciones entre Diferentes Niveles y Ordenes de Gobierno","40202","Participaciones entre Diferentes Niveles y Ordenes de Gobierno","41","Participaciones a Entidades Federativas y Municipios","9","Participaciones",22,"Querétaro",2015,10205925063,10931645415
"4","Otras no Clasificadas en Funciones Anteriores","402","Transferencias, Participaciones y Aportaciones entre Diferentes Niveles y Ordenes de Gobierno","40202","Participaciones entre Diferentes Niveles y Ordenes de Gobierno","41","Participaciones a Entidades Federativas y Municipios","9","Participaciones",22,"Querétaro",2016,11470293562,12427170571
"4","Otras no Clasificadas en Funciones Anteriores","402","Transferencias, Participaciones y Aportaciones entre Diferentes Niveles y Ordenes de Gobierno","40202","Participaciones entre Diferentes Niveles y Ordenes de Gobierno","41","Participaciones a Entidades Federativas y Municipios","9","Participaciones",22,"Querétaro",2017,12570094399,13797531176
"4","Otras no Clasificadas en Funciones Anteriores","402","Transferencias, Participaciones y Aportaciones entre Diferentes Niveles y Ordenes de Gobierno","40202","Participaciones entre Diferentes Niveles y Ordenes de Gobierno","41","Participaciones a Entidades Federativas y Municipios","9","Participaciones",22,"Querétaro",2018,13893608529,15136674758
"4","Otras no Clasificadas en Funciones Anteriores","402","Transferencias, Participaciones y Aportaciones entre Diferentes Niveles y Ordenes de Gobierno","40202","Participaciones entre Diferentes Niveles y Ordenes de Gobierno","41","Participaciones a Entidades Federativas y Municipios","9","Participaciones",22,"Querétaro",2019,15920872928,15821121897
"4","Otras no Clasificadas en Funciones Anteriores","402","Transferencias, Participaciones y Aportaciones entre Diferentes Niveles y Ordenes de Gobierno","40202","Participaciones entre Diferentes Niveles y Ordenes de Gobierno","41","Participaciones a Entidades Federativas y Municipios","9","Participaciones",22,"Querétaro",2020,16711032316,15729462796
"4","Otras no Clasificadas en Funciones Anteriores","402","Transferencias, Participaciones y Aportaciones entre Diferentes Niveles y Ordenes de Gobierno","40202","Participaciones entre Diferentes Niveles y Ordenes de Gobierno","41","Participaciones a Entidades Federativas y Municipios","9","Participaciones",23,"Quintana Roo",2013,6712994874,6859475772
"4","Otras no Clasificadas en Funciones Anteriores","402","Transferencias, Participaciones y Aportaciones entre Diferentes Niveles y Ordenes de Gobierno","40202","Participaciones entre Diferentes Niveles y Ordenes de Gobierno","41","Participaciones a Entidades Federativas y Municipios","9","Participaciones",23,"Quintana Roo",2014,7382294791,7591058691
"4","Otras no Clasificadas en Funciones Anteriores","402","Transferencias, Participaciones y Aportaciones entre Diferentes Niveles y Ordenes de Gobierno","40202","Participaciones entre Diferentes Niveles y Ordenes de Gobierno","41","Participaciones a Entidades Federativas y Municipios","9","Participaciones",23,"Quintana Roo",2015,7835754291,8284192587
"4","Otras no Clasificadas en Funciones Anteriores","402","Transferencias, Participaciones y Aportaciones entre Diferentes Niveles y Ordenes de Gobierno","40202","Participaciones entre Diferentes Niveles y Ordenes de Gobierno","41","Participaciones a Entidades Federativas y Municipios","9","Participaciones",23,"Quintana Roo",2016,8913697334,8946066470
"4","Otras no Clasificadas en Funciones Anteriores","402","Transferencias, Participaciones y Aportaciones entre Diferentes Niveles y Ordenes de Gobierno","40202","Participaciones entre Diferentes Niveles y Ordenes de Gobierno","41","Participaciones a Entidades Federativas y Municipios","9","Participaciones",23,"Quintana Roo",2017,9541611252,10260481091
"4","Otras no Clasificadas en Funciones Anteriores","402","Transferencias, Participaciones y Aportaciones entre Diferentes Niveles y Ordenes de Gobierno","40202","Participaciones entre Diferentes Niveles y Ordenes de Gobierno","41","Participaciones a Entidades Federativas y Municipios","9","Participaciones",23,"Quintana Roo",2018,10981536861,11492700767
"4","Otras no Clasificadas en Funciones Anteriores","402","Transferencias, Participaciones y Aportaciones entre Diferentes Niveles y Ordenes de Gobierno","40202","Participaciones entre Diferentes Niveles y Ordenes de Gobierno","41","Participaciones a Entidades Federativas y Municipios","9","Participaciones",23,"Quintana Roo",2019,12750247579,11690657887
"4","Otras no Clasificadas en Funciones Anteriores","402","Transferencias, Participaciones y Aportaciones entre Diferentes Niveles y Ordenes de Gobierno","40202","Participaciones entre Diferentes Niveles y Ordenes de Gobierno","41","Participaciones a Entidades Federativas y Municipios","9","Participaciones",23,"Quintana Roo",2020,13521173095,11617288349
"4","Otras no Clasificadas en Funciones Anteriores","402","Transferencias, Participaciones y Aportaciones entre Diferentes Niveles y Ordenes de Gobierno","40202","Participaciones entre Diferentes Niveles y Ordenes de Gobierno","41","Participaciones a Entidades Federativas y Municipios","9","Participaciones",24,"San Luis Potosí",2013,10464616428,10559976079
"4","Otras no Clasificadas en Funciones Anteriores","402","Transferencias, Participaciones y Aportaciones entre Diferentes Niveles y Ordenes de Gobierno","40202","Participaciones entre Diferentes Niveles y Ordenes de Gobierno","41","Participaciones a Entidades Federativas y Municipios","9","Participaciones",24,"San Luis Potosí",2014,11616847778,11490435094
"4","Otras no Clasificadas en Funciones Anteriores","402","Transferencias, Participaciones y Aportaciones entre Diferentes Niveles y Ordenes de Gobierno","40202","Participaciones entre Diferentes Niveles y Ordenes de Gobierno","41","Participaciones a Entidades Federativas y Municipios","9","Participaciones",24,"San Luis Potosí",2015,11805683937,12118057191
"4","Otras no Clasificadas en Funciones Anteriores","402","Transferencias, Participaciones y Aportaciones entre Diferentes Niveles y Ordenes de Gobierno","40202","Participaciones entre Diferentes Niveles y Ordenes de Gobierno","41","Participaciones a Entidades Federativas y Municipios","9","Participaciones",24,"San Luis Potosí",2016,12972175482,13986082172
"4","Otras no Clasificadas en Funciones Anteriores","402","Transferencias, Participaciones y Aportaciones entre Diferentes Niveles y Ordenes de Gobierno","40202","Participaciones entre Diferentes Niveles y Ordenes de Gobierno","41","Participaciones a Entidades Federativas y Municipios","9","Participaciones",24,"San Luis Potosí",2017,14476013025,17357741029
"4","Otras no Clasificadas en Funciones Anteriores","402","Transferencias, Participaciones y Aportaciones entre Diferentes Niveles y Ordenes de Gobierno","40202","Participaciones entre Diferentes Niveles y Ordenes de Gobierno","41","Participaciones a Entidades Federativas y Municipios","9","Participaciones",24,"San Luis Potosí",2018,16047734085,17717315184
"4","Otras no Clasificadas en Funciones Anteriores","402","Transferencias, Participaciones y Aportaciones entre Diferentes Niveles y Ordenes de Gobierno","40202","Participaciones entre Diferentes Niveles y Ordenes de Gobierno","41","Participaciones a Entidades Federativas y Municipios","9","Participaciones",24,"San Luis Potosí",2019,19174226043,19070933198
"4","Otras no Clasificadas en Funciones Anteriores","402","Transferencias, Participaciones y Aportaciones entre Diferentes Niveles y Ordenes de Gobierno","40202","Participaciones entre Diferentes Niveles y Ordenes de Gobierno","41","Participaciones a Entidades Federativas y Municipios","9","Participaciones",24,"San Luis Potosí",2020,19879848860,18012358308
"4","Otras no Clasificadas en Funciones Anteriores","402","Transferencias, Participaciones y Aportaciones entre Diferentes Niveles y Ordenes de Gobierno","40202","Participaciones entre Diferentes Niveles y Ordenes de Gobierno","41","Participaciones a Entidades Federativas y Municipios","9","Participaciones",25,"Sinaloa",2013,13472407488,12854619755
"4","Otras no Clasificadas en Funciones Anteriores","402","Transferencias, Participaciones y Aportaciones entre Diferentes Niveles y Ordenes de Gobierno","40202","Participaciones entre Diferentes Niveles y Ordenes de Gobierno","41","Participaciones a Entidades Federativas y Municipios","9","Participaciones",25,"Sinaloa",2014,14232559953,14706023169
"4","Otras no Clasificadas en Funciones Anteriores","402","Transferencias, Participaciones y Aportaciones entre Diferentes Niveles y Ordenes de Gobierno","40202","Participaciones entre Diferentes Niveles y Ordenes de Gobierno","41","Participaciones a Entidades Federativas y Municipios","9","Participaciones",25,"Sinaloa",2015,14684738112,15153444845
"4","Otras no Clasificadas en Funciones Anteriores","402","Transferencias, Participaciones y Aportaciones entre Diferentes Niveles y Ordenes de Gobierno","40202","Participaciones entre Diferentes Niveles y Ordenes de Gobierno","41","Participaciones a Entidades Federativas y Municipios","9","Participaciones",25,"Sinaloa",2016,16038189135,16294187379
"4","Otras no Clasificadas en Funciones Anteriores","402","Transferencias, Participaciones y Aportaciones entre Diferentes Niveles y Ordenes de Gobierno","40202","Participaciones entre Diferentes Niveles y Ordenes de Gobierno","41","Participaciones a Entidades Federativas y Municipios","9","Participaciones",25,"Sinaloa",2017,17033644053,18533579242
"4","Otras no Clasificadas en Funciones Anteriores","402","Transferencias, Participaciones y Aportaciones entre Diferentes Niveles y Ordenes de Gobierno","40202","Participaciones entre Diferentes Niveles y Ordenes de Gobierno","41","Participaciones a Entidades Federativas y Municipios","9","Participaciones",25,"Sinaloa",2018,18699560104,20668093923
"4","Otras no Clasificadas en Funciones Anteriores","402","Transferencias, Participaciones y Aportaciones entre Diferentes Niveles y Ordenes de Gobierno","40202","Participaciones entre Diferentes Niveles y Ordenes de Gobierno","41","Participaciones a Entidades Federativas y Municipios","9","Participaciones",25,"Sinaloa",2019,22500669074,21323795310
"4","Otras no Clasificadas en Funciones Anteriores","402","Transferencias, Participaciones y Aportaciones entre Diferentes Niveles y Ordenes de Gobierno","40202","Participaciones entre Diferentes Niveles y Ordenes de Gobierno","41","Participaciones a Entidades Federativas y Municipios","9","Participaciones",25,"Sinaloa",2020,23457839768,20558517858
"4","Otras no Clasificadas en Funciones Anteriores","402","Transferencias, Participaciones y Aportaciones entre Diferentes Niveles y Ordenes de Gobierno","40202","Participaciones entre Diferentes Niveles y Ordenes de Gobierno","41","Participaciones a Entidades Federativas y Municipios","9","Participaciones",26,"Sonora",2013,16016665323,15756278157
"4","Otras no Clasificadas en Funciones Anteriores","402","Transferencias, Participaciones y Aportaciones entre Diferentes Niveles y Ordenes de Gobierno","40202","Participaciones entre Diferentes Niveles y Ordenes de Gobierno","41","Participaciones a Entidades Federativas y Municipios","9","Participaciones",26,"Sonora",2014,16629416406,17107608629
"4","Otras no Clasificadas en Funciones Anteriores","402","Transferencias, Participaciones y Aportaciones entre Diferentes Niveles y Ordenes de Gobierno","40202","Participaciones entre Diferentes Niveles y Ordenes de Gobierno","41","Participaciones a Entidades Federativas y Municipios","9","Participaciones",26,"Sonora",2015,17623802559,17783742624
"4","Otras no Clasificadas en Funciones Anteriores","402","Transferencias, Participaciones y Aportaciones entre Diferentes Niveles y Ordenes de Gobierno","40202","Participaciones entre Diferentes Niveles y Ordenes de Gobierno","41","Participaciones a Entidades Federativas y Municipios","9","Participaciones",26,"Sonora",2016,18702000146,18602829168
"4","Otras no Clasificadas en Funciones Anteriores","402","Transferencias, Participaciones y Aportaciones entre Diferentes Niveles y Ordenes de Gobierno","40202","Participaciones entre Diferentes Niveles y Ordenes de Gobierno","41","Participaciones a Entidades Federativas y Municipios","9","Participaciones",26,"Sonora",2017,19935691338,21336612629
"4","Otras no Clasificadas en Funciones Anteriores","402","Transferencias, Participaciones y Aportaciones entre Diferentes Niveles y Ordenes de Gobierno","40202","Participaciones entre Diferentes Niveles y Ordenes de Gobierno","41","Participaciones a Entidades Federativas y Municipios","9","Participaciones",26,"Sonora",2018,22275512765,23165441734
"4","Otras no Clasificadas en Funciones Anteriores","402","Transferencias, Participaciones y Aportaciones entre Diferentes Niveles y Ordenes de Gobierno","40202","Participaciones entre Diferentes Niveles y Ordenes de Gobierno","41","Participaciones a Entidades Federativas y Municipios","9","Participaciones",26,"Sonora",2019,25055127317,24197820257
"4","Otras no Clasificadas en Funciones Anteriores","402","Transferencias, Participaciones y Aportaciones entre Diferentes Niveles y Ordenes de Gobierno","40202","Participaciones entre Diferentes Niveles y Ordenes de Gobierno","41","Participaciones a Entidades Federativas y Municipios","9","Participaciones",26,"Sonora",2020,25898946453,22665582843
"4","Otras no Clasificadas en Funciones Anteriores","402","Transferencias, Participaciones y Aportaciones entre Diferentes Niveles y Ordenes de Gobierno","40202","Participaciones entre Diferentes Niveles y Ordenes de Gobierno","41","Participaciones a Entidades Federativas y Municipios","9","Participaciones",27,"Tabasco",2013,19128777385,19356952762
"4","Otras no Clasificadas en Funciones Anteriores","402","Transferencias, Participaciones y Aportaciones entre Diferentes Niveles y Ordenes de Gobierno","40202","Participaciones entre Diferentes Niveles y Ordenes de Gobierno","41","Participaciones a Entidades Federativas y Municipios","9","Participaciones",27,"Tabasco",2014,19764872176,19658260046
"4","Otras no Clasificadas en Funciones Anteriores","402","Transferencias, Participaciones y Aportaciones entre Diferentes Niveles y Ordenes de Gobierno","40202","Participaciones entre Diferentes Niveles y Ordenes de Gobierno","41","Participaciones a Entidades Federativas y Municipios","9","Participaciones",27,"Tabasco",2015,20452159422,20992893544
"4","Otras no Clasificadas en Funciones Anteriores","402","Transferencias, Participaciones y Aportaciones entre Diferentes Niveles y Ordenes de Gobierno","40202","Participaciones entre Diferentes Niveles y Ordenes de Gobierno","41","Participaciones a Entidades Federativas y Municipios","9","Participaciones",27,"Tabasco",2016,21284903797,22299329640
"4","Otras no Clasificadas en Funciones Anteriores","402","Transferencias, Participaciones y Aportaciones entre Diferentes Niveles y Ordenes de Gobierno","40202","Participaciones entre Diferentes Niveles y Ordenes de Gobierno","41","Participaciones a Entidades Federativas y Municipios","9","Participaciones",27,"Tabasco",2017,21383587256,21640378420
"4","Otras no Clasificadas en Funciones Anteriores","402","Transferencias, Participaciones y Aportaciones entre Diferentes Niveles y Ordenes de Gobierno","40202","Participaciones entre Diferentes Niveles y Ordenes de Gobierno","41","Participaciones a Entidades Federativas y Municipios","9","Participaciones",27,"Tabasco",2018,23113856865,24037866290
"4","Otras no Clasificadas en Funciones Anteriores","402","Transferencias, Participaciones y Aportaciones entre Diferentes Niveles y Ordenes de Gobierno","40202","Participaciones entre Diferentes Niveles y Ordenes de Gobierno","41","Participaciones a Entidades Federativas y Municipios","9","Participaciones",27,"Tabasco",2019,25885230400,26030254429
"4","Otras no Clasificadas en Funciones Anteriores","402","Transferencias, Participaciones y Aportaciones entre Diferentes Niveles y Ordenes de Gobierno","40202","Participaciones entre Diferentes Niveles y Ordenes de Gobierno","41","Participaciones a Entidades Federativas y Municipios","9","Participaciones",27,"Tabasco",2020,25843877743,24059169017
"4","Otras no Clasificadas en Funciones Anteriores","402","Transferencias, Participaciones y Aportaciones entre Diferentes Niveles y Ordenes de Gobierno","40202","Participaciones entre Diferentes Niveles y Ordenes de Gobierno","41","Participaciones a Entidades Federativas y Municipios","9","Participaciones",28,"Tamaulipas",2013,16959067692,16763236907
"4","Otras no Clasificadas en Funciones Anteriores","402","Transferencias, Participaciones y Aportaciones entre Diferentes Niveles y Ordenes de Gobierno","40202","Participaciones entre Diferentes Niveles y Ordenes de Gobierno","41","Participaciones a Entidades Federativas y Municipios","9","Participaciones",28,"Tamaulipas",2014,18240518310,18555398347
"4","Otras no Clasificadas en Funciones Anteriores","402","Transferencias, Participaciones y Aportaciones entre Diferentes Niveles y Ordenes de Gobierno","40202","Participaciones entre Diferentes Niveles y Ordenes de Gobierno","41","Participaciones a Entidades Federativas y Municipios","9","Participaciones",28,"Tamaulipas",2015,19266489042,19872426782
"4","Otras no Clasificadas en Funciones Anteriores","402","Transferencias, Participaciones y Aportaciones entre Diferentes Niveles y Ordenes de Gobierno","40202","Participaciones entre Diferentes Niveles y Ordenes de Gobierno","41","Participaciones a Entidades Federativas y Municipios","9","Participaciones",28,"Tamaulipas",2016,20702438860,21760404629
"4","Otras no Clasificadas en Funciones Anteriores","402","Transferencias, Participaciones y Aportaciones entre Diferentes Niveles y Ordenes de Gobierno","40202","Participaciones entre Diferentes Niveles y Ordenes de Gobierno","41","Participaciones a Entidades Federativas y Municipios","9","Participaciones",28,"Tamaulipas",2017,22400473414,23619324254
"4","Otras no Clasificadas en Funciones Anteriores","402","Transferencias, Participaciones y Aportaciones entre Diferentes Niveles y Ordenes de Gobierno","40202","Participaciones entre Diferentes Niveles y Ordenes de Gobierno","41","Participaciones a Entidades Federativas y Municipios","9","Participaciones",28,"Tamaulipas",2018,25182135702,25848032188
"4","Otras no Clasificadas en Funciones Anteriores","402","Transferencias, Participaciones y Aportaciones entre Diferentes Niveles y Ordenes de Gobierno","40202","Participaciones entre Diferentes Niveles y Ordenes de Gobierno","41","Participaciones a Entidades Federativas y Municipios","9","Participaciones",28,"Tamaulipas",2019,28382376934,27583276253
"4","Otras no Clasificadas en Funciones Anteriores","402","Transferencias, Participaciones y Aportaciones entre Diferentes Niveles y Ordenes de Gobierno","40202","Participaciones entre Diferentes Niveles y Ordenes de Gobierno","41","Participaciones a Entidades Federativas y Municipios","9","Participaciones",28,"Tamaulipas",2020,29364620660,26296118342
"4","Otras no Clasificadas en Funciones Anteriores","402","Transferencias, Participaciones y Aportaciones entre Diferentes Niveles y Ordenes de Gobierno","40202","Participaciones entre Diferentes Niveles y Ordenes de Gobierno","41","Participaciones a Entidades Federativas y Municipios","9","Participaciones",29,"Tlaxcala",2013,5575563304,5452849946
"4","Otras no Clasificadas en Funciones Anteriores","402","Transferencias, Participaciones y Aportaciones entre Diferentes Niveles y Ordenes de Gobierno","40202","Participaciones entre Diferentes Niveles y Ordenes de Gobierno","41","Participaciones a Entidades Federativas y Municipios","9","Participaciones",29,"Tlaxcala",2014,5900817005,6093374745
"4","Otras no Clasificadas en Funciones Anteriores","402","Transferencias, Participaciones y Aportaciones entre Diferentes Niveles y Ordenes de Gobierno","40202","Participaciones entre Diferentes Niveles y Ordenes de Gobierno","41","Participaciones a Entidades Federativas y Municipios","9","Participaciones",29,"Tlaxcala",2015,6304880735,6313787644
"4","Otras no Clasificadas en Funciones Anteriores","402","Transferencias, Participaciones y Aportaciones entre Diferentes Niveles y Ordenes de Gobierno","40202","Participaciones entre Diferentes Niveles y Ordenes de Gobierno","41","Participaciones a Entidades Federativas y Municipios","9","Participaciones",29,"Tlaxcala",2016,6742250456,6944286610
"4","Otras no Clasificadas en Funciones Anteriores","402","Transferencias, Participaciones y Aportaciones entre Diferentes Niveles y Ordenes de Gobierno","40202","Participaciones entre Diferentes Niveles y Ordenes de Gobierno","41","Participaciones a Entidades Federativas y Municipios","9","Participaciones",29,"Tlaxcala",2017,7250267803,7636293711
"4","Otras no Clasificadas en Funciones Anteriores","402","Transferencias, Participaciones y Aportaciones entre Diferentes Niveles y Ordenes de Gobierno","40202","Participaciones entre Diferentes Niveles y Ordenes de Gobierno","41","Participaciones a Entidades Federativas y Municipios","9","Participaciones",29,"Tlaxcala",2018,7943127509,8232081908
"4","Otras no Clasificadas en Funciones Anteriores","402","Transferencias, Participaciones y Aportaciones entre Diferentes Niveles y Ordenes de Gobierno","40202","Participaciones entre Diferentes Niveles y Ordenes de Gobierno","41","Participaciones a Entidades Federativas y Municipios","9","Participaciones",29,"Tlaxcala",2019,8930763760,8571133802
"4","Otras no Clasificadas en Funciones Anteriores","402","Transferencias, Participaciones y Aportaciones entre Diferentes Niveles y Ordenes de Gobierno","40202","Participaciones entre Diferentes Niveles y Ordenes de Gobierno","41","Participaciones a Entidades Federativas y Municipios","9","Participaciones",29,"Tlaxcala",2020,9407240237,8597506057
"4","Otras no Clasificadas en Funciones Anteriores","402","Transferencias, Participaciones y Aportaciones entre Diferentes Niveles y Ordenes de Gobierno","40202","Participaciones entre Diferentes Niveles y Ordenes de Gobierno","41","Participaciones a Entidades Federativas y Municipios","9","Participaciones",30,"Veracruz de Ignacio de la Llave",2013,32012880988,31683951200
"4","Otras no Clasificadas en Funciones Anteriores","402","Transferencias, Participaciones y Aportaciones entre Diferentes Niveles y Ordenes de Gobierno","40202","Participaciones entre Diferentes Niveles y Ordenes de Gobierno","41","Participaciones a Entidades Federativas y Municipios","9","Participaciones",30,"Veracruz de Ignacio de la Llave",2014,34353380563,34357925006
"4","Otras no Clasificadas en Funciones Anteriores","402","Transferencias, Participaciones y Aportaciones entre Diferentes Niveles y Ordenes de Gobierno","40202","Participaciones entre Diferentes Niveles y Ordenes de Gobierno","41","Participaciones a Entidades Federativas y Municipios","9","Participaciones",30,"Veracruz de Ignacio de la Llave",2015,35596041366,34324416427
"4","Otras no Clasificadas en Funciones Anteriores","402","Transferencias, Participaciones y Aportaciones entre Diferentes Niveles y Ordenes de Gobierno","40202","Participaciones entre Diferentes Niveles y Ordenes de Gobierno","41","Participaciones a Entidades Federativas y Municipios","9","Participaciones",30,"Veracruz de Ignacio de la Llave",2016,36690916486,37032711123
"4","Otras no Clasificadas en Funciones Anteriores","402","Transferencias, Participaciones y Aportaciones entre Diferentes Niveles y Ordenes de Gobierno","40202","Participaciones entre Diferentes Niveles y Ordenes de Gobierno","41","Participaciones a Entidades Federativas y Municipios","9","Participaciones",30,"Veracruz de Ignacio de la Llave",2017,38709613185,43325521438
"4","Otras no Clasificadas en Funciones Anteriores","402","Transferencias, Participaciones y Aportaciones entre Diferentes Niveles y Ordenes de Gobierno","40202","Participaciones entre Diferentes Niveles y Ordenes de Gobierno","41","Participaciones a Entidades Federativas y Municipios","9","Participaciones",30,"Veracruz de Ignacio de la Llave",2018,47065613831,48915564464
"4","Otras no Clasificadas en Funciones Anteriores","402","Transferencias, Participaciones y Aportaciones entre Diferentes Niveles y Ordenes de Gobierno","40202","Participaciones entre Diferentes Niveles y Ordenes de Gobierno","41","Participaciones a Entidades Federativas y Municipios","9","Participaciones",30,"Veracruz de Ignacio de la Llave",2019,51149661638,50906883362
"4","Otras no Clasificadas en Funciones Anteriores","402","Transferencias, Participaciones y Aportaciones entre Diferentes Niveles y Ordenes de Gobierno","40202","Participaciones entre Diferentes Niveles y Ordenes de Gobierno","41","Participaciones a Entidades Federativas y Municipios","9","Participaciones",30,"Veracruz de Ignacio de la Llave",2020,53145852249,49611895033
"4","Otras no Clasificadas en Funciones Anteriores","402","Transferencias, Participaciones y Aportaciones entre Diferentes Niveles y Ordenes de Gobierno","40202","Participaciones entre Diferentes Niveles y Ordenes de Gobierno","41","Participaciones a Entidades Federativas y Municipios","9","Participaciones",31,"Yucatán",2013,8722127603,9016125515
"4","Otras no Clasificadas en Funciones Anteriores","402","Transferencias, Participaciones y Aportaciones entre Diferentes Niveles y Ordenes de Gobierno","40202","Participaciones entre Diferentes Niveles y Ordenes de Gobierno","41","Participaciones a Entidades Federativas y Municipios","9","Participaciones",31,"Yucatán",2014,9944362008,10091130358
"4","Otras no Clasificadas en Funciones Anteriores","402","Transferencias, Participaciones y Aportaciones entre Diferentes Niveles y Ordenes de Gobierno","40202","Participaciones entre Diferentes Niveles y Ordenes de Gobierno","41","Participaciones a Entidades Federativas y Municipios","9","Participaciones",31,"Yucatán",2015,10273787291,10789321207
"4","Otras no Clasificadas en Funciones Anteriores","402","Transferencias, Participaciones y Aportaciones entre Diferentes Niveles y Ordenes de Gobierno","40202","Participaciones entre Diferentes Niveles y Ordenes de Gobierno","41","Participaciones a Entidades Federativas y Municipios","9","Participaciones",31,"Yucatán",2016,11249568536,11622588932
"4","Otras no Clasificadas en Funciones Anteriores","402","Transferencias, Participaciones y Aportaciones entre Diferentes Niveles y Ordenes de Gobierno","40202","Participaciones entre Diferentes Niveles y Ordenes de Gobierno","41","Participaciones a Entidades Federativas y Municipios","9","Participaciones",31,"Yucatán",2017,12132470263,13217729741
"4","Otras no Clasificadas en Funciones Anteriores","402","Transferencias, Participaciones y Aportaciones entre Diferentes Niveles y Ordenes de Gobierno","40202","Participaciones entre Diferentes Niveles y Ordenes de Gobierno","41","Participaciones a Entidades Federativas y Municipios","9","Participaciones",31,"Yucatán",2018,13451132942,14580887307
"4","Otras no Clasificadas en Funciones Anteriores","402","Transferencias, Participaciones y Aportaciones entre Diferentes Niveles y Ordenes de Gobierno","40202","Participaciones entre Diferentes Niveles y Ordenes de Gobierno","41","Participaciones a Entidades Federativas y Municipios","9","Participaciones",31,"Yucatán",2019,15492946132,14993760577
"4","Otras no Clasificadas en Funciones Anteriores","402","Transferencias, Participaciones y Aportaciones entre Diferentes Niveles y Ordenes de Gobierno","40202","Participaciones entre Diferentes Niveles y Ordenes de Gobierno","41","Participaciones a Entidades Federativas y Municipios","9","Participaciones",31,"Yucatán",2020,16009968969,14502878522
"4","Otras no Clasificadas en Funciones Anteriores","402","Transferencias, Participaciones y Aportaciones entre Diferentes Niveles y Ordenes de Gobierno","40202","Participaciones entre Diferentes Niveles y Ordenes de Gobierno","41","Participaciones a Entidades Federativas y Municipios","9","Participaciones",32,"Zacatecas",2013,7401147499,7273521307
"4","Otras no Clasificadas en Funciones Anteriores","402","Transferencias, Participaciones y Aportaciones entre Diferentes Niveles y Ordenes de Gobierno","40202","Participaciones entre Diferentes Niveles y Ordenes de Gobierno","41","Participaciones a Entidades Federativas y Municipios","9","Participaciones",32,"Zacatecas",2014,7670593627,7612843654
"4","Otras no Clasificadas en Funciones Anteriores","402","Transferencias, Participaciones y Aportaciones entre Diferentes Niveles y Ordenes de Gobierno","40202","Participaciones entre Diferentes Niveles y Ordenes de Gobierno","41","Participaciones a Entidades Federativas y Municipios","9","Participaciones",32,"Zacatecas",2015,7980048887,8204379799
"4","Otras no Clasificadas en Funciones Anteriores","402","Transferencias, Participaciones y Aportaciones entre Diferentes Niveles y Ordenes de Gobierno","40202","Participaciones entre Diferentes Niveles y Ordenes de Gobierno","41","Participaciones a Entidades Federativas y Municipios","9","Participaciones",32,"Zacatecas",2016,8982569693,9599207122
"4","Otras no Clasificadas en Funciones Anteriores","402","Transferencias, Participaciones y Aportaciones entre Diferentes Niveles y Ordenes de Gobierno","40202","Participaciones entre Diferentes Niveles y Ordenes de Gobierno","41","Participaciones a Entidades Federativas y Municipios","9","Participaciones",32,"Zacatecas",2017,9970996648,10429772593
"4","Otras no Clasificadas en Funciones Anteriores","402","Transferencias, Participaciones y Aportaciones entre Diferentes Niveles y Ordenes de Gobierno","40202","Participaciones entre Diferentes Niveles y Ordenes de Gobierno","41","Participaciones a Entidades Federativas y Municipios","9","Participaciones",32,"Zacatecas",2018,10811318017,11055933684
"4","Otras no Clasificadas en Funciones Anteriores","402","Transferencias, Participaciones y Aportaciones entre Diferentes Niveles y Ordenes de Gobierno","40202","Participaciones entre Diferentes Niveles y Ordenes de Gobierno","41","Participaciones a Entidades Federativas y Municipios","9","Participaciones",32,"Zacatecas",2019,12106818166,11189361602
"4","Otras no Clasificadas en Funciones Anteriores","402","Transferencias, Participaciones y Aportaciones entre Diferentes Niveles y Ordenes de Gobierno","40202","Participaciones entre Diferentes Niveles y Ordenes de Gobierno","41","Participaciones a Entidades Federativas y Municipios","9","Participaciones",32,"Zacatecas",2020,12508665059,10637183848
"4","Otras no Clasificadas en Funciones Anteriores","402","Transferencias, Participaciones y Aportaciones entre Diferentes Niveles y Ordenes de Gobierno","40202","Participaciones entre Diferentes Niveles y Ordenes de Gobierno","41","Participaciones a Entidades Federativas y Municipios","9","Participaciones",34,"No distribuible geográficamente",2014,2158592432,0
"4","Otras no Clasificadas en Funciones Anteriores","402","Transferencias, Participaciones y Aportaciones entre Diferentes Niveles y Ordenes de Gobierno","40202","Participaciones entre Diferentes Niveles y Ordenes de Gobierno","41","Participaciones a Entidades Federativas y Municipios","9","Participaciones",34,"No distribuible geográficamente",2015,2768893573,0
"4","Otras no Clasificadas en Funciones Anteriores","402","Transferencias, Participaciones y Aportaciones entre Diferentes Niveles y Ordenes de Gobierno","40202","Participaciones entre Diferentes Niveles y Ordenes de Gobierno","41","Participaciones a Entidades Federativas y Municipios","9","Participaciones",34,"No distribuible geográficamente",2016,21232011970,0
"4","Otras no Clasificadas en Funciones Anteriores","402","Transferencias, Participaciones y Aportaciones entre Diferentes Niveles y Ordenes de Gobierno","40202","Participaciones entre Diferentes Niveles y Ordenes de Gobierno","41","Participaciones a Entidades Federativas y Municipios","9","Participaciones",34,"No distribuible geográficamente",2017,26102886292,0
"4","Otras no Clasificadas en Funciones Anteriores","402","Transferencias, Participaciones y Aportaciones entre Diferentes Niveles y Ordenes de Gobierno","40202","Participaciones entre Diferentes Niveles y Ordenes de Gobierno","41","Participaciones a Entidades Federativas y Municipios","9","Participaciones",34,"No distribuible geográficamente",2018,7754298362,0
"4","Otras no Clasificadas en Funciones Anteriores","402","Transferencias, Participaciones y Aportaciones entre Diferentes Niveles y Ordenes de Gobierno","40202","Participaciones entre Diferentes Niveles y Ordenes de Gobierno","41","Participaciones a Entidades Federativas y Municipios","9","Participaciones",34,"No distribuible geográficamente",2019,13753645682,0
"4","Otras no Clasificadas en Funciones Anteriores","402","Transferencias, Participaciones y Aportaciones entre Diferentes Niveles y Ordenes de Gobierno","40202","Participaciones entre Diferentes Niveles y Ordenes de Gobierno","41","Participaciones a Entidades Federativas y Municipios","9","Participaciones",34,"No distribuible geográficamente",2020,12193377642,0
