"state_id","state","year","projected_population"
1,"Aguascalientes",1970,356491
1,"Aguascalientes",1971,371369
1,"Aguascalientes",1972,386794
1,"Aguascalientes",1973,402633
1,"Aguascalientes",1974,418900
1,"Aguascalientes",1975,435558
1,"Aguascalientes",1976,452538
1,"Aguascalientes",1977,469739
1,"Aguascalientes",1978,487198
1,"Aguascalientes",1979,504873
1,"Aguascalientes",1980,523567
1,"Aguascalientes",1981,544127
1,"Aguascalientes",1982,565855
1,"Aguascalientes",1983,587908
1,"Aguascalientes",1984,610258
1,"Aguascalientes",1985,632843
1,"Aguascalientes",1986,655680
1,"Aguascalientes",1987,678806
1,"Aguascalientes",1988,702144
1,"Aguascalientes",1989,725631
1,"Aguascalientes",1990,748737
1,"Aguascalientes",1991,771490
1,"Aguascalientes",1992,794389
1,"Aguascalientes",1993,817353
1,"Aguascalientes",1994,840342
1,"Aguascalientes",1995,863323
1,"Aguascalientes",1996,884636
1,"Aguascalientes",1997,904251
1,"Aguascalientes",1998,923720
1,"Aguascalientes",1999,943020
1,"Aguascalientes",2000,964010
1,"Aguascalientes",2001,987520
1,"Aguascalientes",2002,1011950
1,"Aguascalientes",2003,1036717
1,"Aguascalientes",2004,1061561
1,"Aguascalientes",2005,1086798
1,"Aguascalientes",2006,1110011
1,"Aguascalientes",2007,1131266
1,"Aguascalientes",2008,1153468
1,"Aguascalientes",2009,1176168
1,"Aguascalientes",2010,1198510
1,"Aguascalientes",2011,1223425
1,"Aguascalientes",2012,1250962
1,"Aguascalientes",2013,1278202
1,"Aguascalientes",2014,1305273
1,"Aguascalientes",2015,1331825
1,"Aguascalientes",2016,1355321
1,"Aguascalientes",2017,1375782
1,"Aguascalientes",2018,1395794
1,"Aguascalientes",2019,1415421
1,"Aguascalientes",2020,1434635
1,"Aguascalientes",2021,1453452
1,"Aguascalientes",2022,1471859
1,"Aguascalientes",2023,1489875
1,"Aguascalientes",2024,1507474
1,"Aguascalientes",2025,1524644
1,"Aguascalientes",2026,1541405
1,"Aguascalientes",2027,1557754
1,"Aguascalientes",2028,1573657
1,"Aguascalientes",2029,1589095
1,"Aguascalientes",2030,1604083
1,"Aguascalientes",2031,1618605
1,"Aguascalientes",2032,1632634
1,"Aguascalientes",2033,1646181
1,"Aguascalientes",2034,1659245
1,"Aguascalientes",2035,1671788
1,"Aguascalientes",2036,1683818
1,"Aguascalientes",2037,1695348
1,"Aguascalientes",2038,1706347
1,"Aguascalientes",2039,1716843
1,"Aguascalientes",2040,1726803
1,"Aguascalientes",2041,1736240
1,"Aguascalientes",2042,1745145
1,"Aguascalientes",2043,1753515
1,"Aguascalientes",2044,1761344
1,"Aguascalientes",2045,1768641
1,"Aguascalientes",2046,1775433
1,"Aguascalientes",2047,1781677
1,"Aguascalientes",2048,1787388
1,"Aguascalientes",2049,1792570
1,"Aguascalientes",2050,1797232
2,"Baja California",1970,906634
2,"Baja California",1971,932591
2,"Baja California",1972,959240
2,"Baja California",1973,986279
2,"Baja California",1974,1013710
2,"Baja California",1975,1041542
2,"Baja California",1976,1069560
2,"Baja California",1977,1097635
2,"Baja California",1978,1125813
2,"Baja California",1979,1154068
2,"Baja California",1980,1187841
2,"Baja California",1981,1233139
2,"Baja California",1982,1284901
2,"Baja California",1983,1337584
2,"Baja California",1984,1391111
2,"Baja California",1985,1445385
2,"Baja California",1986,1500456
2,"Baja California",1987,1556368
2,"Baja California",1988,1612920
2,"Baja California",1989,1670019
2,"Baja California",1990,1734105
2,"Baja California",1991,1805548
2,"Baja California",1992,1877992
2,"Baja California",1993,1951205
2,"Baja California",1994,2025123
2,"Baja California",1995,2099602
2,"Baja California",1996,2176804
2,"Baja California",1997,2256820
2,"Baja California",1998,2337309
2,"Baja California",1999,2418123
2,"Baja California",2000,2493675
2,"Baja California",2001,2565903
2,"Baja California",2002,2640732
2,"Baja California",2003,2716612
2,"Baja California",2004,2792913
2,"Baja California",2005,2870428
2,"Baja California",2006,2939646
2,"Baja California",2007,3000933
2,"Baja California",2008,3064928
2,"Baja California",2009,3130426
2,"Baja California",2010,3183653
2,"Baja California",2011,3222606
2,"Baja California",2012,3258386
2,"Baja California",2013,3292766
2,"Baja California",2014,3326218
2,"Baja California",2015,3357794
2,"Baja California",2016,3403335
2,"Baja California",2017,3462872
2,"Baja California",2018,3521242
2,"Baja California",2019,3578561
2,"Baja California",2020,3634868
2,"Baja California",2021,3690160
2,"Baja California",2022,3744415
2,"Baja California",2023,3797610
2,"Baja California",2024,3849705
2,"Baja California",2025,3900683
2,"Baja California",2026,3950521
2,"Baja California",2027,3999215
2,"Baja California",2028,4046743
2,"Baja California",2029,4093115
2,"Baja California",2030,4138349
2,"Baja California",2031,4182427
2,"Baja California",2032,4225316
2,"Baja California",2033,4267034
2,"Baja California",2034,4307518
2,"Baja California",2035,4346778
2,"Baja California",2036,4384803
2,"Baja California",2037,4421560
2,"Baja California",2038,4457009
2,"Baja California",2039,4491159
2,"Baja California",2040,4523989
2,"Baja California",2041,4555479
2,"Baja California",2042,4585605
2,"Baja California",2043,4614351
2,"Baja California",2044,4641709
2,"Baja California",2045,4667696
2,"Baja California",2046,4692279
2,"Baja California",2047,4715478
2,"Baja California",2048,4737281
2,"Baja California",2049,4757696
2,"Baja California",2050,4776728
3,"Baja California Sur",1970,134721
3,"Baja California Sur",1971,141622
3,"Baja California Sur",1972,148846
3,"Baja California Sur",1973,156309
3,"Baja California Sur",1974,164019
3,"Baja California Sur",1975,171991
3,"Baja California Sur",1976,180178
3,"Baja California Sur",1977,188570
3,"Baja California Sur",1978,197154
3,"Baja California Sur",1979,205934
3,"Baja California Sur",1980,215233
3,"Baja California Sur",1981,225430
3,"Baja California Sur",1982,236245
3,"Baja California Sur",1983,247297
3,"Baja California Sur",1984,258577
3,"Baja California Sur",1985,270092
3,"Baja California Sur",1986,281828
3,"Baja California Sur",1987,293789
3,"Baja California Sur",1988,305962
3,"Baja California Sur",1989,318318
3,"Baja California Sur",1990,329121
3,"Baja California Sur",1991,338322
3,"Baja California Sur",1992,347584
3,"Baja California Sur",1993,356858
3,"Baja California Sur",1994,366145
3,"Baja California Sur",1995,375425
3,"Baja California Sur",1996,385853
3,"Baja California Sur",1997,397482
3,"Baja California Sur",1998,409121
3,"Baja California Sur",1999,420791
3,"Baja California Sur",2000,434318
3,"Baja California Sur",2001,450092
3,"Baja California Sur",2002,466394
3,"Baja California Sur",2003,482984
3,"Baja California Sur",2004,499719
3,"Baja California Sur",2005,516740
3,"Baja California Sur",2006,537801
3,"Baja California Sur",2007,563113
3,"Baja California Sur",2008,589287
3,"Baja California Sur",2009,616122
3,"Baja California Sur",2010,636185
3,"Baja California Sur",2011,651419
3,"Baja California Sur",2012,668635
3,"Baja California Sur",2013,685784
3,"Baja California Sur",2014,702923
3,"Baja California Sur",2015,719846
3,"Baja California Sur",2016,736995
3,"Baja California Sur",2017,754270
3,"Baja California Sur",2018,771294
3,"Baja California Sur",2019,788119
3,"Baja California Sur",2020,804708
3,"Baja California Sur",2021,821059
3,"Baja California Sur",2022,837168
3,"Baja California Sur",2023,853026
3,"Baja California Sur",2024,868622
3,"Baja California Sur",2025,883950
3,"Baja California Sur",2026,898996
3,"Baja California Sur",2027,913746
3,"Baja California Sur",2028,928205
3,"Baja California Sur",2029,942365
3,"Baja California Sur",2030,956205
3,"Baja California Sur",2031,969734
3,"Baja California Sur",2032,982946
3,"Baja California Sur",2033,995853
3,"Baja California Sur",2034,1008438
3,"Baja California Sur",2035,1020692
3,"Baja California Sur",2036,1032605
3,"Baja California Sur",2037,1044167
3,"Baja California Sur",2038,1055395
3,"Baja California Sur",2039,1066264
3,"Baja California Sur",2040,1076752
3,"Baja California Sur",2041,1086889
3,"Baja California Sur",2042,1096646
3,"Baja California Sur",2043,1106004
3,"Baja California Sur",2044,1114974
3,"Baja California Sur",2045,1123563
3,"Baja California Sur",2046,1131748
3,"Baja California Sur",2047,1139532
3,"Baja California Sur",2048,1146917
3,"Baja California Sur",2049,1153915
3,"Baja California Sur",2050,1160503
4,"Campeche",1970,268985
4,"Campeche",1971,282757
4,"Campeche",1972,297075
4,"Campeche",1973,311875
4,"Campeche",1974,327158
4,"Campeche",1975,342899
4,"Campeche",1976,359039
4,"Campeche",1977,375503
4,"Campeche",1978,392324
4,"Campeche",1979,409459
4,"Campeche",1980,425685
4,"Campeche",1981,439696
4,"Campeche",1982,452614
4,"Campeche",1983,465600
4,"Campeche",1984,478608
4,"Campeche",1985,491612
4,"Campeche",1986,504625
4,"Campeche",1987,517679
4,"Campeche",1988,530706
4,"Campeche",1989,543669
4,"Campeche",1990,558475
4,"Campeche",1991,575254
4,"Campeche",1992,592119
4,"Campeche",1993,608989
4,"Campeche",1994,625887
4,"Campeche",1995,642763
4,"Campeche",1996,657170
4,"Campeche",1997,669051
4,"Campeche",1998,680769
4,"Campeche",1999,692305
4,"Campeche",2000,704360
4,"Campeche",2001,717580
4,"Campeche",2002,731445
4,"Campeche",2003,745529
4,"Campeche",2004,759630
4,"Campeche",2005,773981
4,"Campeche",2006,786594
4,"Campeche",2007,797547
4,"Campeche",2008,809041
4,"Campeche",2009,820800
4,"Campeche",2010,833942
4,"Campeche",2011,849941
4,"Campeche",2012,867064
4,"Campeche",2013,883911
4,"Campeche",2014,900589
4,"Campeche",2015,916832
4,"Campeche",2016,933436
4,"Campeche",2017,950458
4,"Campeche",2018,967319
4,"Campeche",2019,984046
4,"Campeche",2020,1000617
4,"Campeche",2021,1017011
4,"Campeche",2022,1033223
4,"Campeche",2023,1049244
4,"Campeche",2024,1065071
4,"Campeche",2025,1080694
4,"Campeche",2026,1096099
4,"Campeche",2027,1111303
4,"Campeche",2028,1126314
4,"Campeche",2029,1141119
4,"Campeche",2030,1155724
4,"Campeche",2031,1170128
4,"Campeche",2032,1184334
4,"Campeche",2033,1198333
4,"Campeche",2034,1212114
4,"Campeche",2035,1225690
4,"Campeche",2036,1239026
4,"Campeche",2037,1252115
4,"Campeche",2038,1264968
4,"Campeche",2039,1277570
4,"Campeche",2040,1289907
4,"Campeche",2041,1301981
4,"Campeche",2042,1313775
4,"Campeche",2043,1325280
4,"Campeche",2044,1336482
4,"Campeche",2045,1347380
4,"Campeche",2046,1357976
4,"Campeche",2047,1368266
4,"Campeche",2048,1378232
4,"Campeche",2049,1387883
4,"Campeche",2050,1397202
5,"Coahuila de Zaragoza",1970,1169413
5,"Coahuila de Zaragoza",1971,1206360
5,"Coahuila de Zaragoza",1972,1244377
5,"Coahuila de Zaragoza",1973,1283072
5,"Coahuila de Zaragoza",1974,1322476
5,"Coahuila de Zaragoza",1975,1362575
5,"Coahuila de Zaragoza",1976,1402983
5,"Coahuila de Zaragoza",1977,1443534
5,"Coahuila de Zaragoza",1978,1484275
5,"Coahuila de Zaragoza",1979,1525133
5,"Coahuila de Zaragoza",1980,1567345
5,"Coahuila de Zaragoza",1981,1612596
5,"Coahuila de Zaragoza",1982,1659670
5,"Coahuila de Zaragoza",1983,1707041
5,"Coahuila de Zaragoza",1984,1754659
5,"Coahuila de Zaragoza",1985,1802399
5,"Coahuila de Zaragoza",1986,1850346
5,"Coahuila de Zaragoza",1987,1898580
5,"Coahuila de Zaragoza",1988,1946869
5,"Coahuila de Zaragoza",1989,1995139
5,"Coahuila de Zaragoza",1990,2035283
5,"Coahuila de Zaragoza",1991,2067104
5,"Coahuila de Zaragoza",1992,2098336
5,"Coahuila de Zaragoza",1993,2128732
5,"Coahuila de Zaragoza",1994,2158305
5,"Coahuila de Zaragoza",1995,2186951
5,"Coahuila de Zaragoza",1996,2215942
5,"Coahuila de Zaragoza",1997,2245293
5,"Coahuila de Zaragoza",1998,2273653
5,"Coahuila de Zaragoza",1999,2300962
5,"Coahuila de Zaragoza",2000,2334987
5,"Coahuila de Zaragoza",2001,2377883
5,"Coahuila de Zaragoza",2002,2422563
5,"Coahuila de Zaragoza",2003,2467594
5,"Coahuila de Zaragoza",2004,2512460
5,"Coahuila de Zaragoza",2005,2557832
5,"Coahuila de Zaragoza",2006,2602657
5,"Coahuila de Zaragoza",2007,2647284
5,"Coahuila de Zaragoza",2008,2693767
5,"Coahuila de Zaragoza",2009,2741112
5,"Coahuila de Zaragoza",2010,2786124
5,"Coahuila de Zaragoza",2011,2830310
5,"Coahuila de Zaragoza",2012,2874749
5,"Coahuila de Zaragoza",2013,2917922
5,"Coahuila de Zaragoza",2014,2960145
5,"Coahuila de Zaragoza",2015,3000556
5,"Coahuila de Zaragoza",2016,3043062
5,"Coahuila de Zaragoza",2017,3087852
5,"Coahuila de Zaragoza",2018,3132017
5,"Coahuila de Zaragoza",2019,3175643
5,"Coahuila de Zaragoza",2020,3218720
5,"Coahuila de Zaragoza",2021,3261259
5,"Coahuila de Zaragoza",2022,3303220
5,"Coahuila de Zaragoza",2023,3344621
5,"Coahuila de Zaragoza",2024,3385446
5,"Coahuila de Zaragoza",2025,3425670
5,"Coahuila de Zaragoza",2026,3465302
5,"Coahuila de Zaragoza",2027,3504338
5,"Coahuila de Zaragoza",2028,3542771
5,"Coahuila de Zaragoza",2029,3580617
5,"Coahuila de Zaragoza",2030,3617867
5,"Coahuila de Zaragoza",2031,3654575
5,"Coahuila de Zaragoza",2032,3690739
5,"Coahuila de Zaragoza",2033,3726393
5,"Coahuila de Zaragoza",2034,3761544
5,"Coahuila de Zaragoza",2035,3796193
5,"Coahuila de Zaragoza",2036,3830334
5,"Coahuila de Zaragoza",2037,3863968
5,"Coahuila de Zaragoza",2038,3897055
5,"Coahuila de Zaragoza",2039,3929588
5,"Coahuila de Zaragoza",2040,3961550
5,"Coahuila de Zaragoza",2041,3992897
5,"Coahuila de Zaragoza",2042,4023619
5,"Coahuila de Zaragoza",2043,4053713
5,"Coahuila de Zaragoza",2044,4083132
5,"Coahuila de Zaragoza",2045,4111880
5,"Coahuila de Zaragoza",2046,4139942
5,"Coahuila de Zaragoza",2047,4167309
5,"Coahuila de Zaragoza",2048,4193969
5,"Coahuila de Zaragoza",2049,4219922
5,"Coahuila de Zaragoza",2050,4245169
6,"Colima",1970,253139
6,"Colima",1971,262016
6,"Colima",1972,271186
6,"Colima",1973,280534
6,"Colima",1974,290080
6,"Colima",1975,299813
6,"Colima",1976,309682
6,"Colima",1977,319605
6,"Colima",1978,329620
6,"Colima",1979,339689
6,"Colima",1980,349561
6,"Colima",1981,359066
6,"Colima",1982,368390
6,"Colima",1983,377712
6,"Colima",1984,387035
6,"Colima",1985,396329
6,"Colima",1986,405591
6,"Colima",1987,414856
6,"Colima",1988,424083
6,"Colima",1989,433253
6,"Colima",1990,442683
6,"Colima",1991,452434
6,"Colima",1992,462174
6,"Colima",1993,471838
6,"Colima",1994,481416
6,"Colima",1995,490906
6,"Colima",1996,501292
6,"Colima",1997,512611
6,"Colima",1998,523930
6,"Colima",1999,535245
6,"Colima",2000,544180
6,"Colima",2001,551107
6,"Colima",2002,558424
6,"Colima",2003,565772
6,"Colima",2004,573033
6,"Colima",2005,580362
6,"Colima",2006,591856
6,"Colima",2007,607687
6,"Colima",2008,624105
6,"Colima",2009,640893
6,"Colima",2010,655211
6,"Colima",2011,668122
6,"Colima",2012,681887
6,"Colima",2013,695408
6,"Colima",2014,708738
6,"Colima",2015,721696
6,"Colima",2016,734663
6,"Colima",2017,747603
6,"Colima",2018,760333
6,"Colima",2019,772842
6,"Colima",2020,785153
6,"Colima",2021,797245
6,"Colima",2022,809115
6,"Colima",2023,820771
6,"Colima",2024,832197
6,"Colima",2025,843383
6,"Colima",2026,854333
6,"Colima",2027,865061
6,"Colima",2028,875574
6,"Colima",2029,885843
6,"Colima",2030,895870
6,"Colima",2031,905681
6,"Colima",2032,915273
6,"Colima",2033,924640
6,"Colima",2034,933786
6,"Colima",2035,942710
6,"Colima",2036,951400
6,"Colima",2037,959864
6,"Colima",2038,968093
6,"Colima",2039,976076
6,"Colima",2040,983799
6,"Colima",2041,991271
6,"Colima",2042,998479
6,"Colima",2043,1005434
6,"Colima",2044,1012111
6,"Colima",2045,1018525
6,"Colima",2046,1024655
6,"Colima",2047,1030515
6,"Colima",2048,1036082
6,"Colima",2049,1041375
6,"Colima",2050,1046382
7,"Chiapas",1970,1675318
7,"Chiapas",1971,1719853
7,"Chiapas",1972,1765316
7,"Chiapas",1973,1811083
7,"Chiapas",1974,1857114
7,"Chiapas",1975,1903298
7,"Chiapas",1976,1949129
7,"Chiapas",1977,1994300
7,"Chiapas",1978,2038915
7,"Chiapas",1979,2082888
7,"Chiapas",1980,2144283
7,"Chiapas",1981,2242623
7,"Chiapas",1982,2361333
7,"Chiapas",1983,2482257
7,"Chiapas",1984,2605184
7,"Chiapas",1985,2729827
7,"Chiapas",1986,2856241
7,"Chiapas",1987,2984430
7,"Chiapas",1988,3113983
7,"Chiapas",1989,3244702
7,"Chiapas",1990,3340157
7,"Chiapas",1991,3399347
7,"Chiapas",1992,3457445
7,"Chiapas",1993,3514087
7,"Chiapas",1994,3569173
7,"Chiapas",1995,3622598
7,"Chiapas",1996,3686026
7,"Chiapas",1997,3760072
7,"Chiapas",1998,3833244
7,"Chiapas",1999,3905497
7,"Chiapas",2000,3978878
7,"Chiapas",2001,4056667
7,"Chiapas",2002,4137733
7,"Chiapas",2003,4219579
7,"Chiapas",2004,4301148
7,"Chiapas",2005,4383744
7,"Chiapas",2006,4472341
7,"Chiapas",2007,4567654
7,"Chiapas",2008,4666821
7,"Chiapas",2009,4768075
7,"Chiapas",2010,4857906
7,"Chiapas",2011,4944937
7,"Chiapas",2012,5038786
7,"Chiapas",2013,5130494
7,"Chiapas",2014,5220622
7,"Chiapas",2015,5307819
7,"Chiapas",2016,5393944
7,"Chiapas",2017,5479352
7,"Chiapas",2018,5563869
7,"Chiapas",2019,5647532
7,"Chiapas",2020,5730367
7,"Chiapas",2021,5812375
7,"Chiapas",2022,5893520
7,"Chiapas",2023,5973838
7,"Chiapas",2024,6053309
7,"Chiapas",2025,6131952
7,"Chiapas",2026,6209802
7,"Chiapas",2027,6286852
7,"Chiapas",2028,6363141
7,"Chiapas",2029,6438687
7,"Chiapas",2030,6513512
7,"Chiapas",2031,6587596
7,"Chiapas",2032,6660934
7,"Chiapas",2033,6733483
7,"Chiapas",2034,6805223
7,"Chiapas",2035,6876118
7,"Chiapas",2036,6946097
7,"Chiapas",2037,7015174
7,"Chiapas",2038,7083279
7,"Chiapas",2039,7150394
7,"Chiapas",2040,7216460
7,"Chiapas",2041,7281462
7,"Chiapas",2042,7345364
7,"Chiapas",2043,7408144
7,"Chiapas",2044,7469766
7,"Chiapas",2045,7530215
7,"Chiapas",2046,7589492
7,"Chiapas",2047,7647581
7,"Chiapas",2048,7704477
7,"Chiapas",2049,7760160
7,"Chiapas",2050,7814634
8,"Chihuahua",1970,1678581
8,"Chihuahua",1971,1714262
8,"Chihuahua",1972,1750434
8,"Chihuahua",1973,1786511
8,"Chihuahua",1974,1822523
8,"Chihuahua",1975,1858394
8,"Chihuahua",1976,1893674
8,"Chihuahua",1977,1928097
8,"Chihuahua",1978,1961761
8,"Chihuahua",1979,1994569
8,"Chihuahua",1980,2031271
8,"Chihuahua",1981,2077266
8,"Chihuahua",1982,2128143
8,"Chihuahua",1983,2178883
8,"Chihuahua",1984,2229342
8,"Chihuahua",1985,2279421
8,"Chihuahua",1986,2329238
8,"Chihuahua",1987,2378894
8,"Chihuahua",1988,2428107
8,"Chihuahua",1989,2476748
8,"Chihuahua",1990,2529312
8,"Chihuahua",1991,2586047
8,"Chihuahua",1992,2642529
8,"Chihuahua",1993,2698451
8,"Chihuahua",1994,2753743
8,"Chihuahua",1995,2808244
8,"Chihuahua",1996,2863505
8,"Chihuahua",1997,2919731
8,"Chihuahua",1998,2975318
8,"Chihuahua",1999,3030151
8,"Chihuahua",2000,3078281
8,"Chihuahua",2001,3122063
8,"Chihuahua",2002,3167874
8,"Chihuahua",2003,3213827
8,"Chihuahua",2004,3259221
8,"Chihuahua",2005,3304999
8,"Chihuahua",2006,3341601
8,"Chihuahua",2007,3369106
8,"Chihuahua",2008,3397985
8,"Chihuahua",2009,3426919
8,"Chihuahua",2010,3461882
8,"Chihuahua",2011,3499552
8,"Chihuahua",2012,3531604
8,"Chihuahua",2013,3561704
8,"Chihuahua",2014,3590344
8,"Chihuahua",2015,3616481
8,"Chihuahua",2016,3649416
8,"Chihuahua",2017,3689398
8,"Chihuahua",2018,3727984
8,"Chihuahua",2019,3765325
8,"Chihuahua",2020,3801487
8,"Chihuahua",2021,3836506
8,"Chihuahua",2022,3870381
8,"Chihuahua",2023,3903129
8,"Chihuahua",2024,3934782
8,"Chihuahua",2025,3965283
8,"Chihuahua",2026,3994658
8,"Chihuahua",2027,4022902
8,"Chihuahua",2028,4050006
8,"Chihuahua",2029,4075987
8,"Chihuahua",2030,4100797
8,"Chihuahua",2031,4124424
8,"Chihuahua",2032,4146830
8,"Chihuahua",2033,4168021
8,"Chihuahua",2034,4187968
8,"Chihuahua",2035,4206666
8,"Chihuahua",2036,4224108
8,"Chihuahua",2037,4240297
8,"Chihuahua",2038,4255218
8,"Chihuahua",2039,4268867
8,"Chihuahua",2040,4281229
8,"Chihuahua",2041,4292326
8,"Chihuahua",2042,4302172
8,"Chihuahua",2043,4310752
8,"Chihuahua",2044,4318093
8,"Chihuahua",2045,4324203
8,"Chihuahua",2046,4329103
8,"Chihuahua",2047,4332795
8,"Chihuahua",2048,4335306
8,"Chihuahua",2049,4336657
8,"Chihuahua",2050,4336868
9,"Ciudad de México",1970,7189295
9,"Ciudad de México",1971,7356191
9,"Ciudad de México",1972,7526322
9,"Ciudad de México",1973,7697285
9,"Ciudad de México",1974,7869461
9,"Ciudad de México",1975,8042626
9,"Ciudad de México",1976,8214817
9,"Ciudad de México",1977,8385148
9,"Ciudad de México",1978,8554059
9,"Ciudad de México",1979,8721129
9,"Ciudad de México",1980,8844083
9,"Ciudad de México",1981,8878736
9,"Ciudad de México",1982,8862538
9,"Ciudad de México",1983,8834974
9,"Ciudad de México",1984,8795494
9,"Ciudad de México",1985,8743640
9,"Ciudad de México",1986,8680011
9,"Ciudad de México",1987,8605002
9,"Ciudad de México",1988,8517650
9,"Ciudad de México",1989,8417786
9,"Ciudad de México",1990,8389630
9,"Ciudad de México",1991,8437167
9,"Ciudad de México",1992,8479417
9,"Ciudad de México",1993,8515465
9,"Ciudad de México",1994,8545412
9,"Ciudad de México",1995,8568905
9,"Ciudad de México",1996,8588281
9,"Ciudad de México",1997,8603851
9,"Ciudad de México",1998,8613378
9,"Ciudad de México",1999,8616747
9,"Ciudad de México",2000,8640993
9,"Ciudad de México",2001,8694150
9,"Ciudad de México",2002,8751549
9,"Ciudad de México",2003,8807884
9,"Ciudad de México",2004,8861590
9,"Ciudad de México",2005,8915004
9,"Ciudad de México",2006,8941792
9,"Ciudad de México",2007,8941750
9,"Ciudad de México",2008,8942665
9,"Ciudad de México",2009,8941128
9,"Ciudad de México",2010,8981871
9,"Ciudad de México",2011,9034475
9,"Ciudad de México",2012,9049100
9,"Ciudad de México",2013,9057829
9,"Ciudad de México",2014,9062022
9,"Ciudad de México",2015,9058734
9,"Ciudad de México",2016,9053990
9,"Ciudad de México",2017,9049086
9,"Ciudad de México",2018,9041395
9,"Ciudad de México",2019,9031213
9,"Ciudad de México",2020,9018645
9,"Ciudad de México",2021,9003827
9,"Ciudad de México",2022,8986774
9,"Ciudad de México",2023,8967558
9,"Ciudad de México",2024,8946184
9,"Ciudad de México",2025,8922674
9,"Ciudad de México",2026,8897049
9,"Ciudad de México",2027,8869318
9,"Ciudad de México",2028,8839466
9,"Ciudad de México",2029,8807517
9,"Ciudad de México",2030,8773420
9,"Ciudad de México",2031,8737176
9,"Ciudad de México",2032,8698823
9,"Ciudad de México",2033,8658382
9,"Ciudad de México",2034,8615862
9,"Ciudad de México",2035,8571330
9,"Ciudad de México",2036,8524830
9,"Ciudad de México",2037,8476391
9,"Ciudad de México",2038,8426076
9,"Ciudad de México",2039,8373949
9,"Ciudad de México",2040,8320015
9,"Ciudad de México",2041,8264328
9,"Ciudad de México",2042,8206921
9,"Ciudad de México",2043,8147816
9,"Ciudad de México",2044,8087080
9,"Ciudad de México",2045,8024763
9,"Ciudad de México",2046,7960898
9,"Ciudad de México",2047,7895596
9,"Ciudad de México",2048,7828857
9,"Ciudad de México",2049,7760767
9,"Ciudad de México",2050,7691357
10,"Durango",1970,981400
10,"Durango",1971,1003551
10,"Durango",1972,1026046
10,"Durango",1973,1048460
10,"Durango",1974,1070837
10,"Durango",1975,1093102
10,"Durango",1976,1114968
10,"Durango",1977,1136257
10,"Durango",1978,1156967
10,"Durango",1979,1177056
10,"Durango",1980,1197358
10,"Durango",1981,1218969
10,"Durango",1982,1241091
10,"Durango",1983,1262691
10,"Durango",1984,1283738
10,"Durango",1985,1304117
10,"Durango",1986,1323929
10,"Durango",1987,1343258
10,"Durango",1988,1361959
10,"Durango",1989,1379963
10,"Durango",1990,1395466
10,"Durango",1991,1408507
10,"Durango",1992,1420875
10,"Durango",1993,1432432
10,"Durango",1994,1443184
10,"Durango",1995,1453046
10,"Durango",1996,1459126
10,"Durango",1997,1461472
10,"Durango",1998,1462797
10,"Durango",1999,1463112
10,"Durango",2000,1470425
10,"Durango",2001,1486134
10,"Durango",2002,1502756
10,"Durango",2003,1519368
10,"Durango",2004,1535647
10,"Durango",2005,1552034
10,"Durango",2006,1570259
10,"Durango",2007,1590553
10,"Durango",2008,1611815
10,"Durango",2009,1633391
10,"Durango",2010,1656602
10,"Durango",2011,1682438
10,"Durango",2012,1708439
10,"Durango",2013,1733606
10,"Durango",2014,1758160
10,"Durango",2015,1781575
10,"Durango",2016,1801963
10,"Durango",2017,1819494
10,"Durango",2018,1836460
10,"Durango",2019,1852952
10,"Durango",2020,1868996
10,"Durango",2021,1884622
10,"Durango",2022,1899856
10,"Durango",2023,1914693
10,"Durango",2024,1929168
10,"Durango",2025,1943280
10,"Durango",2026,1957036
10,"Durango",2027,1970472
10,"Durango",2028,1983563
10,"Durango",2029,1996313
10,"Durango",2030,2008714
10,"Durango",2031,2020758
10,"Durango",2032,2032424
10,"Durango",2033,2043687
10,"Durango",2034,2054510
10,"Durango",2035,2064891
10,"Durango",2036,2074805
10,"Durango",2037,2084238
10,"Durango",2038,2093176
10,"Durango",2039,2101616
10,"Durango",2040,2109527
10,"Durango",2041,2116922
10,"Durango",2042,2123779
10,"Durango",2043,2130122
10,"Durango",2044,2135932
10,"Durango",2045,2141211
10,"Durango",2046,2145963
10,"Durango",2047,2150224
10,"Durango",2048,2153977
10,"Durango",2049,2157225
10,"Durango",2050,2159967
11,"Guanajuato",1970,2385382
11,"Guanajuato",1971,2449444
11,"Guanajuato",1972,2514892
11,"Guanajuato",1973,2580859
11,"Guanajuato",1974,2647382
11,"Guanajuato",1975,2714313
11,"Guanajuato",1976,2780902
11,"Guanajuato",1977,2846722
11,"Guanajuato",1978,2911929
11,"Guanajuato",1979,2976315
11,"Guanajuato",1980,3050622
11,"Guanajuato",1981,3146836
11,"Guanajuato",1982,3255133
11,"Guanajuato",1983,3364393
11,"Guanajuato",1984,3474359
11,"Guanajuato",1985,3584834
11,"Guanajuato",1986,3695931
11,"Guanajuato",1987,3807744
11,"Guanajuato",1988,3919830
11,"Guanajuato",1989,4031977
11,"Guanajuato",1990,4121562
11,"Guanajuato",1991,4188105
11,"Guanajuato",1992,4253491
11,"Guanajuato",1993,4317242
11,"Guanajuato",1994,4379293
11,"Guanajuato",1995,4439488
11,"Guanajuato",1996,4499423
11,"Guanajuato",1997,4559319
11,"Guanajuato",1998,4617346
11,"Guanajuato",1999,4673454
11,"Guanajuato",2000,4728160
11,"Guanajuato",2001,4785445
11,"Guanajuato",2002,4845931
11,"Guanajuato",2003,4906731
11,"Guanajuato",2004,4966732
11,"Guanajuato",2005,5027385
11,"Guanajuato",2006,5111010
11,"Guanajuato",2007,5218816
11,"Guanajuato",2008,5331102
11,"Guanajuato",2009,5445893
11,"Guanajuato",2010,5542931
11,"Guanajuato",2011,5623703
11,"Guanajuato",2012,5703988
11,"Guanajuato",2013,5781861
11,"Guanajuato",2014,5857977
11,"Guanajuato",2015,5930618
11,"Guanajuato",2016,5997487
11,"Guanajuato",2017,6058569
11,"Guanajuato",2018,6117205
11,"Guanajuato",2019,6173718
11,"Guanajuato",2020,6228175
11,"Guanajuato",2021,6280645
11,"Guanajuato",2022,6331142
11,"Guanajuato",2023,6379677
11,"Guanajuato",2024,6426237
11,"Guanajuato",2025,6470865
11,"Guanajuato",2026,6513601
11,"Guanajuato",2027,6554473
11,"Guanajuato",2028,6593486
11,"Guanajuato",2029,6630676
11,"Guanajuato",2030,6666045
11,"Guanajuato",2031,6699586
11,"Guanajuato",2032,6731276
11,"Guanajuato",2033,6761130
11,"Guanajuato",2034,6789180
11,"Guanajuato",2035,6815424
11,"Guanajuato",2036,6839887
11,"Guanajuato",2037,6862559
11,"Guanajuato",2038,6883407
11,"Guanajuato",2039,6902444
11,"Guanajuato",2040,6919646
11,"Guanajuato",2041,6934955
11,"Guanajuato",2042,6948353
11,"Guanajuato",2043,6959807
11,"Guanajuato",2044,6969278
11,"Guanajuato",2045,6976796
11,"Guanajuato",2046,6982374
11,"Guanajuato",2047,6986006
11,"Guanajuato",2048,6987718
11,"Guanajuato",2049,6987489
11,"Guanajuato",2050,6985323
12,"Guerrero",1970,1700388
12,"Guerrero",1971,1745522
12,"Guerrero",1972,1791592
12,"Guerrero",1973,1837967
12,"Guerrero",1974,1884616
12,"Guerrero",1975,1931425
12,"Guerrero",1976,1977840
12,"Guerrero",1977,2023565
12,"Guerrero",1978,2068733
12,"Guerrero",1979,2113212
12,"Guerrero",1980,2160897
12,"Guerrero",1981,2216249
12,"Guerrero",1982,2275671
12,"Guerrero",1983,2334932
12,"Guerrero",1984,2393859
12,"Guerrero",1985,2452286
12,"Guerrero",1986,2510327
12,"Guerrero",1987,2568038
12,"Guerrero",1988,2625131
12,"Guerrero",1989,2681482
12,"Guerrero",1990,2732129
12,"Guerrero",1991,2777058
12,"Guerrero",1992,2821028
12,"Guerrero",1993,2863751
12,"Guerrero",1994,2905144
12,"Guerrero",1995,2945099
12,"Guerrero",1996,2984600
12,"Guerrero",1997,3023862
12,"Guerrero",1998,3061713
12,"Guerrero",1999,3098151
12,"Guerrero",2000,3123538
12,"Guerrero",2001,3140287
12,"Guerrero",2002,3158704
12,"Guerrero",2003,3176903
12,"Guerrero",2004,3194176
12,"Guerrero",2005,3211466
12,"Guerrero",2006,3242776
12,"Guerrero",2007,3288751
12,"Guerrero",2008,3336888
12,"Guerrero",2009,3385886
12,"Guerrero",2010,3429881
12,"Guerrero",2011,3465479
12,"Guerrero",2012,3495920
12,"Guerrero",2013,3524537
12,"Guerrero",2014,3551765
12,"Guerrero",2015,3576592
12,"Guerrero",2016,3597311
12,"Guerrero",2017,3614241
12,"Guerrero",2018,3629733
12,"Guerrero",2019,3643974
12,"Guerrero",2020,3657048
12,"Guerrero",2021,3668973
12,"Guerrero",2022,3679821
12,"Guerrero",2023,3689597
12,"Guerrero",2024,3698352
12,"Guerrero",2025,3706106
12,"Guerrero",2026,3712886
12,"Guerrero",2027,3718729
12,"Guerrero",2028,3723652
12,"Guerrero",2029,3727679
12,"Guerrero",2030,3730787
12,"Guerrero",2031,3732998
12,"Guerrero",2032,3734314
12,"Guerrero",2033,3734714
12,"Guerrero",2034,3734205
12,"Guerrero",2035,3732803
12,"Guerrero",2036,3730518
12,"Guerrero",2037,3727382
12,"Guerrero",2038,3723371
12,"Guerrero",2039,3718498
12,"Guerrero",2040,3712786
12,"Guerrero",2041,3706192
12,"Guerrero",2042,3698781
12,"Guerrero",2043,3690524
12,"Guerrero",2044,3681446
12,"Guerrero",2045,3671568
12,"Guerrero",2046,3660921
12,"Guerrero",2047,3649499
12,"Guerrero",2048,3637320
12,"Guerrero",2049,3624411
12,"Guerrero",2050,3610790
13,"Hidalgo",1970,1259773
13,"Hidalgo",1971,1290496
13,"Hidalgo",1972,1321747
13,"Hidalgo",1973,1353073
13,"Hidalgo",1974,1384483
13,"Hidalgo",1975,1415906
13,"Hidalgo",1976,1446916
13,"Hidalgo",1977,1477317
13,"Hidalgo",1978,1507198
13,"Hidalgo",1979,1536450
13,"Hidalgo",1980,1568003
13,"Hidalgo",1981,1605301
13,"Hidalgo",1982,1645647
13,"Hidalgo",1983,1685875
13,"Hidalgo",1984,1725876
13,"Hidalgo",1985,1765547
13,"Hidalgo",1986,1804957
13,"Hidalgo",1987,1844195
13,"Hidalgo",1988,1883037
13,"Hidalgo",1989,1921412
13,"Hidalgo",1990,1958657
13,"Hidalgo",1991,1994848
13,"Hidalgo",1992,2030611
13,"Hidalgo",1993,2065739
13,"Hidalgo",1994,2100173
13,"Hidalgo",1995,2133808
13,"Hidalgo",1996,2165489
13,"Hidalgo",1997,2195424
13,"Hidalgo",1998,2224693
13,"Hidalgo",1999,2253302
13,"Hidalgo",2000,2279365
13,"Hidalgo",2001,2304623
13,"Hidalgo",2002,2331398
13,"Hidalgo",2003,2358351
13,"Hidalgo",2004,2384978
13,"Hidalgo",2005,2411934
13,"Hidalgo",2006,2454515
13,"Hidalgo",2007,2513382
13,"Hidalgo",2008,2574507
13,"Hidalgo",2009,2636953
13,"Hidalgo",2010,2688905
13,"Hidalgo",2011,2731728
13,"Hidalgo",2012,2775101
13,"Hidalgo",2013,2817500
13,"Hidalgo",2014,2859239
13,"Hidalgo",2015,2899495
13,"Hidalgo",2016,2938756
13,"Hidalgo",2017,2976979
13,"Hidalgo",2018,3014258
13,"Hidalgo",2019,3050720
13,"Hidalgo",2020,3086414
13,"Hidalgo",2021,3121355
13,"Hidalgo",2022,3155581
13,"Hidalgo",2023,3189102
13,"Hidalgo",2024,3221923
13,"Hidalgo",2025,3254034
13,"Hidalgo",2026,3285457
13,"Hidalgo",2027,3316186
13,"Hidalgo",2028,3346227
13,"Hidalgo",2029,3375556
13,"Hidalgo",2030,3404155
13,"Hidalgo",2031,3432004
13,"Hidalgo",2032,3459095
13,"Hidalgo",2033,3485408
13,"Hidalgo",2034,3510923
13,"Hidalgo",2035,3535642
13,"Hidalgo",2036,3559549
13,"Hidalgo",2037,3582624
13,"Hidalgo",2038,3604844
13,"Hidalgo",2039,3626217
13,"Hidalgo",2040,3646702
13,"Hidalgo",2041,3666288
13,"Hidalgo",2042,3684960
13,"Hidalgo",2043,3702690
13,"Hidalgo",2044,3719486
13,"Hidalgo",2045,3735355
13,"Hidalgo",2046,3750296
13,"Hidalgo",2047,3764291
13,"Hidalgo",2048,3777361
13,"Hidalgo",2049,3789532
13,"Hidalgo",2050,3800757
14,"Jalisco",1970,3458040
14,"Jalisco",1971,3552330
14,"Jalisco",1972,3648742
14,"Jalisco",1973,3746053
14,"Jalisco",1974,3844309
14,"Jalisco",1975,3943284
14,"Jalisco",1976,4041906
14,"Jalisco",1977,4139632
14,"Jalisco",1978,4236670
14,"Jalisco",1979,4332814
14,"Jalisco",1980,4432219
14,"Jalisco",1981,4540037
14,"Jalisco",1982,4652301
14,"Jalisco",1983,4764086
14,"Jalisco",1984,4875050
14,"Jalisco",1985,4984882
14,"Jalisco",1986,5093870
14,"Jalisco",1987,5202207
14,"Jalisco",1988,5309321
14,"Jalisco",1989,5414917
14,"Jalisco",1990,5520408
14,"Jalisco",1991,5626371
14,"Jalisco",1992,5731629
14,"Jalisco",1993,5835535
14,"Jalisco",1994,5937946
14,"Jalisco",1995,6038588
14,"Jalisco",1996,6126041
14,"Jalisco",1997,6200206
14,"Jalisco",1998,6271803
14,"Jalisco",1999,6340731
14,"Jalisco",2000,6419688
14,"Jalisco",2001,6514205
14,"Jalisco",2002,6613184
14,"Jalisco",2003,6712650
14,"Jalisco",2004,6811151
14,"Jalisco",2005,6910601
14,"Jalisco",2006,7014132
14,"Jalisco",2007,7122681
14,"Jalisco",2008,7235896
14,"Jalisco",2009,7351056
14,"Jalisco",2010,7461855
14,"Jalisco",2011,7568896
14,"Jalisco",2012,7672910
14,"Jalisco",2013,7773261
14,"Jalisco",2014,7870823
14,"Jalisco",2015,7963314
14,"Jalisco",2016,8055955
14,"Jalisco",2017,8149170
14,"Jalisco",2018,8238991
14,"Jalisco",2019,8325800
14,"Jalisco",2020,8409693
14,"Jalisco",2021,8490806
14,"Jalisco",2022,8569204
14,"Jalisco",2023,8644920
14,"Jalisco",2024,8718004
14,"Jalisco",2025,8788486
14,"Jalisco",2026,8856479
14,"Jalisco",2027,8921959
14,"Jalisco",2028,8984996
14,"Jalisco",2029,9045584
14,"Jalisco",2030,9103763
14,"Jalisco",2031,9159500
14,"Jalisco",2032,9212842
14,"Jalisco",2033,9263784
14,"Jalisco",2034,9312289
14,"Jalisco",2035,9358350
14,"Jalisco",2036,9401956
14,"Jalisco",2037,9443109
14,"Jalisco",2038,9481737
14,"Jalisco",2039,9517823
14,"Jalisco",2040,9551328
14,"Jalisco",2041,9582211
14,"Jalisco",2042,9610483
14,"Jalisco",2043,9636080
14,"Jalisco",2044,9658988
14,"Jalisco",2045,9679240
14,"Jalisco",2046,9696839
14,"Jalisco",2047,9711783
14,"Jalisco",2048,9724111
14,"Jalisco",2049,9733793
14,"Jalisco",2050,9740860
15,"Estado de México",1970,4089454
15,"Estado de México",1971,4385974
15,"Estado de México",1972,4696531
15,"Estado de México",1973,5019964
15,"Estado de México",1974,5356622
15,"Estado de México",1975,5706464
15,"Estado de México",1976,6068269
15,"Estado de México",1977,6441318
15,"Estado de México",1978,6825869
15,"Estado de México",1979,7221565
15,"Estado de México",1980,7586821
15,"Estado de México",1981,7877924
15,"Estado de México",1982,8132058
15,"Estado de México",1983,8388536
15,"Estado de México",1984,8646841
15,"Estado de México",1985,8906469
15,"Estado de México",1986,9167797
15,"Estado de México",1987,9431059
15,"Estado de México",1988,9695256
15,"Estado de México",1989,9959787
15,"Estado de México",1990,10239390
15,"Estado de México",1991,10535566
15,"Estado de México",1992,10834096
15,"Estado de México",1993,11133793
15,"Estado de México",1994,11434489
15,"Estado de México",1995,11735589
15,"Estado de México",1996,12041420
15,"Estado de México",1997,12352846
15,"Estado de México",1998,12665308
15,"Estado de México",1999,12978400
15,"Estado de México",2000,13229303
15,"Estado de México",2001,13426921
15,"Estado de México",2002,13634312
15,"Estado de México",2003,13843183
15,"Estado de México",2004,14050307
15,"Estado de México",2005,14259750
15,"Estado de México",2006,14472559
15,"Estado de México",2007,14690701
15,"Estado de México",2008,14918914
15,"Estado de México",2009,15151573
15,"Estado de México",2010,15377962
15,"Estado de México",2011,15600748
15,"Estado de México",2012,15820397
15,"Estado de México",2013,16035478
15,"Estado de México",2014,16248083
15,"Estado de México",2015,16453628
15,"Estado de México",2016,16658503
15,"Estado de México",2017,16861082
15,"Estado de México",2018,17056666
15,"Estado de México",2019,17245551
15,"Estado de México",2020,17427790
15,"Estado de México",2021,17603429
15,"Estado de México",2022,17772460
15,"Estado de México",2023,17934893
15,"Estado de México",2024,18090769
15,"Estado de México",2025,18240039
15,"Estado de México",2026,18382722
15,"Estado de México",2027,18518838
15,"Estado de México",2028,18648325
15,"Estado de México",2029,18771159
15,"Estado de México",2030,18887349
15,"Estado de México",2031,18996895
15,"Estado de México",2032,19099865
15,"Estado de México",2033,19196273
15,"Estado de México",2034,19286166
15,"Estado de México",2035,19369581
15,"Estado de México",2036,19446571
15,"Estado de México",2037,19517131
15,"Estado de México",2038,19581286
15,"Estado de México",2039,19638997
15,"Estado de México",2040,19690258
15,"Estado de México",2041,19735074
15,"Estado de México",2042,19773450
15,"Estado de México",2043,19805362
15,"Estado de México",2044,19830862
15,"Estado de México",2045,19849973
15,"Estado de México",2046,19862755
15,"Estado de México",2047,19869300
15,"Estado de México",2048,19869628
15,"Estado de México",2049,19863846
15,"Estado de México",2050,19852030
16,"Michoacán de Ocampo",1970,2449238
16,"Michoacán de Ocampo",1971,2499916
16,"Michoacán de Ocampo",1972,2551075
16,"Michoacán de Ocampo",1973,2601778
16,"Michoacán de Ocampo",1974,2652041
16,"Michoacán de Ocampo",1975,2701674
16,"Michoacán de Ocampo",1976,2749904
16,"Michoacán de Ocampo",1977,2796346
16,"Michoacán de Ocampo",1978,2841136
16,"Michoacán de Ocampo",1979,2884098
16,"Michoacán de Ocampo",1980,2935097
16,"Michoacán de Ocampo",1981,3005110
16,"Michoacán de Ocampo",1982,3085067
16,"Michoacán de Ocampo",1983,3164817
16,"Michoacán de Ocampo",1984,3244126
16,"Michoacán de Ocampo",1985,3322798
16,"Michoacán de Ocampo",1986,3400999
16,"Michoacán de Ocampo",1987,3478832
16,"Michoacán de Ocampo",1988,3555903
16,"Michoacán de Ocampo",1989,3632062
16,"Michoacán de Ocampo",1990,3695129
16,"Michoacán de Ocampo",1991,3744980
16,"Michoacán de Ocampo",1992,3793553
16,"Michoacán de Ocampo",1993,3840465
16,"Michoacán de Ocampo",1994,3885640
16,"Michoacán de Ocampo",1995,3928960
16,"Michoacán de Ocampo",1996,3962369
16,"Michoacán de Ocampo",1997,3985902
16,"Michoacán de Ocampo",1998,4007166
16,"Michoacán de Ocampo",1999,4026194
16,"Michoacán de Ocampo",2000,4039249
16,"Michoacán de Ocampo",2001,4049615
16,"Michoacán de Ocampo",2002,4061978
16,"Michoacán de Ocampo",2003,4073837
16,"Michoacán de Ocampo",2004,4084342
16,"Michoacán de Ocampo",2005,4094663
16,"Michoacán de Ocampo",2006,4131914
16,"Michoacán de Ocampo",2007,4197046
16,"Michoacán de Ocampo",2008,4265042
16,"Michoacán de Ocampo",2009,4334310
16,"Michoacán de Ocampo",2010,4397949
16,"Michoacán de Ocampo",2011,4453862
16,"Michoacán de Ocampo",2012,4505400
16,"Michoacán de Ocampo",2013,4554352
16,"Michoacán de Ocampo",2014,4601241
16,"Michoacán de Ocampo",2015,4644732
16,"Michoacán de Ocampo",2016,4684829
16,"Michoacán de Ocampo",2017,4721848
16,"Michoacán de Ocampo",2018,4757482
16,"Michoacán de Ocampo",2019,4791977
16,"Michoacán de Ocampo",2020,4825401
16,"Michoacán de Ocampo",2021,4857777
16,"Michoacán de Ocampo",2022,4889123
16,"Michoacán de Ocampo",2023,4919448
16,"Michoacán de Ocampo",2024,4948766
16,"Michoacán de Ocampo",2025,4977097
16,"Michoacán de Ocampo",2026,5004525
16,"Michoacán de Ocampo",2027,5031037
16,"Michoacán de Ocampo",2028,5056667
16,"Michoacán de Ocampo",2029,5081445
16,"Michoacán de Ocampo",2030,5105401
16,"Michoacán de Ocampo",2031,5128494
16,"Michoacán de Ocampo",2032,5150726
16,"Michoacán de Ocampo",2033,5172075
16,"Michoacán de Ocampo",2034,5192517
16,"Michoacán de Ocampo",2035,5212048
16,"Michoacán de Ocampo",2036,5230706
16,"Michoacán de Ocampo",2037,5248461
16,"Michoacán de Ocampo",2038,5265310
16,"Michoacán de Ocampo",2039,5281250
16,"Michoacán de Ocampo",2040,5296240
16,"Michoacán de Ocampo",2041,5310261
16,"Michoacán de Ocampo",2042,5323274
16,"Michoacán de Ocampo",2043,5335307
16,"Michoacán de Ocampo",2044,5346325
16,"Michoacán de Ocampo",2045,5356340
16,"Michoacán de Ocampo",2046,5365353
16,"Michoacán de Ocampo",2047,5373403
16,"Michoacán de Ocampo",2048,5380502
16,"Michoacán de Ocampo",2049,5386647
16,"Michoacán de Ocampo",2050,5391862
17,"Morelos",1970,650623
17,"Morelos",1971,677643
17,"Morelos",1972,705667
17,"Morelos",1973,734458
17,"Morelos",1974,764047
17,"Morelos",1975,794458
17,"Morelos",1976,825485
17,"Morelos",1977,857042
17,"Morelos",1978,889141
17,"Morelos",1979,921717
17,"Morelos",1980,953300
17,"Morelos",1981,982388
17,"Morelos",1982,1010289
17,"Morelos",1983,1038301
17,"Morelos",1984,1066369
17,"Morelos",1985,1094451
17,"Morelos",1986,1122557
17,"Morelos",1987,1150778
17,"Morelos",1988,1178950
17,"Morelos",1989,1207031
17,"Morelos",1990,1240915
17,"Morelos",1991,1280814
17,"Morelos",1992,1321092
17,"Morelos",1993,1361566
17,"Morelos",1994,1402199
17,"Morelos",1995,1442903
17,"Morelos",1996,1475923
17,"Morelos",1997,1501155
17,"Morelos",1998,1526066
17,"Morelos",1999,1550665
17,"Morelos",2000,1569930
17,"Morelos",2001,1584996
17,"Morelos",2002,1601020
17,"Morelos",2003,1617074
17,"Morelos",2004,1632844
17,"Morelos",2005,1648761
17,"Morelos",2006,1671876
17,"Morelos",2007,1702514
17,"Morelos",2008,1734467
17,"Morelos",2009,1767084
17,"Morelos",2010,1797092
17,"Morelos",2011,1824842
17,"Morelos",2012,1852263
17,"Morelos",2013,1879005
17,"Morelos",2014,1905274
17,"Morelos",2015,1930505
17,"Morelos",2016,1954717
17,"Morelos",2017,1977946
17,"Morelos",2018,2000527
17,"Morelos",2019,2022568
17,"Morelos",2020,2044058
17,"Morelos",2021,2065014
17,"Morelos",2022,2085423
17,"Morelos",2023,2105291
17,"Morelos",2024,2124599
17,"Morelos",2025,2143367
17,"Morelos",2026,2161564
17,"Morelos",2027,2179207
17,"Morelos",2028,2196298
17,"Morelos",2029,2212828
17,"Morelos",2030,2228792
17,"Morelos",2031,2244204
17,"Morelos",2032,2259061
17,"Morelos",2033,2273378
17,"Morelos",2034,2287160
17,"Morelos",2035,2300413
17,"Morelos",2036,2313105
17,"Morelos",2037,2325282
17,"Morelos",2038,2336938
17,"Morelos",2039,2348051
17,"Morelos",2040,2358623
17,"Morelos",2041,2368654
17,"Morelos",2042,2378101
17,"Morelos",2043,2386982
17,"Morelos",2044,2395278
17,"Morelos",2045,2402986
17,"Morelos",2046,2410118
17,"Morelos",2047,2416664
17,"Morelos",2048,2422654
17,"Morelos",2049,2428054
17,"Morelos",2050,2432873
18,"Nayarit",1970,569836
18,"Nayarit",1971,585685
18,"Nayarit",1972,601900
18,"Nayarit",1973,618267
18,"Nayarit",1974,634810
18,"Nayarit",1975,651477
18,"Nayarit",1976,668105
18,"Nayarit",1977,684572
18,"Nayarit",1978,700908
18,"Nayarit",1979,717058
18,"Nayarit",1980,732329
18,"Nayarit",1981,746071
18,"Nayarit",1982,758924
18,"Nayarit",1983,771481
18,"Nayarit",1984,783688
18,"Nayarit",1985,795519
18,"Nayarit",1986,807028
18,"Nayarit",1987,818253
18,"Nayarit",1988,829099
18,"Nayarit",1989,839553
18,"Nayarit",1990,850487
18,"Nayarit",1991,861919
18,"Nayarit",1992,873052
18,"Nayarit",1993,883828
18,"Nayarit",1994,894202
18,"Nayarit",1995,904140
18,"Nayarit",1996,911914
18,"Nayarit",1997,917539
18,"Nayarit",1998,922671
18,"Nayarit",1999,927306
18,"Nayarit",2000,933445
18,"Nayarit",2001,941882
18,"Nayarit",2002,950875
18,"Nayarit",2003,959824
18,"Nayarit",2004,968544
18,"Nayarit",2005,977302
18,"Nayarit",2006,994128
18,"Nayarit",2007,1019289
18,"Nayarit",2008,1045326
18,"Nayarit",2009,1071834
18,"Nayarit",2010,1094434
18,"Nayarit",2011,1114502
18,"Nayarit",2012,1135531
18,"Nayarit",2013,1156029
18,"Nayarit",2014,1176131
18,"Nayarit",2015,1195482
18,"Nayarit",2016,1214627
18,"Nayarit",2017,1233716
18,"Nayarit",2018,1252363
18,"Nayarit",2019,1270646
18,"Nayarit",2020,1288571
18,"Nayarit",2021,1306145
18,"Nayarit",2022,1323404
18,"Nayarit",2023,1340345
18,"Nayarit",2024,1356971
18,"Nayarit",2025,1373307
18,"Nayarit",2026,1389357
18,"Nayarit",2027,1405133
18,"Nayarit",2028,1420642
18,"Nayarit",2029,1435898
18,"Nayarit",2030,1450893
18,"Nayarit",2031,1465618
18,"Nayarit",2032,1480086
18,"Nayarit",2033,1494278
18,"Nayarit",2034,1508189
18,"Nayarit",2035,1521778
18,"Nayarit",2036,1535027
18,"Nayarit",2037,1547923
18,"Nayarit",2038,1560442
18,"Nayarit",2039,1572557
18,"Nayarit",2040,1584274
18,"Nayarit",2041,1595580
18,"Nayarit",2042,1606471
18,"Nayarit",2043,1616922
18,"Nayarit",2044,1626929
18,"Nayarit",2045,1636512
18,"Nayarit",2046,1645643
18,"Nayarit",2047,1654351
18,"Nayarit",2048,1662619
18,"Nayarit",2049,1670452
18,"Nayarit",2050,1677862
19,"Nuevo León",1970,1770405
19,"Nuevo León",1971,1836979
19,"Nuevo León",1972,1905907
19,"Nuevo León",1973,1976608
19,"Nuevo León",1974,2049213
19,"Nuevo León",1975,2123672
19,"Nuevo León",1976,2199474
19,"Nuevo León",1977,2276375
19,"Nuevo León",1978,2354431
19,"Nuevo León",1979,2433522
19,"Nuevo León",1980,2509791
19,"Nuevo León",1981,2579634
19,"Nuevo León",1982,2646480
19,"Nuevo León",1983,2713613
19,"Nuevo León",1984,2780911
19,"Nuevo León",1985,2848206
19,"Nuevo León",1986,2915643
19,"Nuevo León",1987,2983358
19,"Nuevo León",1988,3050989
19,"Nuevo León",1989,3118399
19,"Nuevo León",1990,3189360
19,"Nuevo León",1991,3264137
19,"Nuevo León",1992,3338921
19,"Nuevo León",1993,3413326
19,"Nuevo León",1994,3487319
19,"Nuevo León",1995,3560671
19,"Nuevo León",1996,3628835
19,"Nuevo León",1997,3691856
19,"Nuevo León",1998,3753988
19,"Nuevo León",1999,3815110
19,"Nuevo León",2000,3883147
19,"Nuevo León",2001,3961467
19,"Nuevo León",2002,4042872
19,"Nuevo León",2003,4124951
19,"Nuevo León",2004,4206813
19,"Nuevo León",2005,4289618
19,"Nuevo León",2006,4371643
19,"Nuevo León",2007,4453598
19,"Nuevo León",2008,4538945
19,"Nuevo León",2009,4625949
19,"Nuevo León",2010,4712645
19,"Nuevo León",2011,4807568
19,"Nuevo León",2012,4909324
19,"Nuevo León",2013,5009564
19,"Nuevo León",2014,5108816
19,"Nuevo León",2015,5205425
19,"Nuevo León",2016,5294203
19,"Nuevo León",2017,5375246
19,"Nuevo León",2018,5454848
19,"Nuevo León",2019,5533147
19,"Nuevo León",2020,5610153
19,"Nuevo León",2021,5685888
19,"Nuevo León",2022,5760358
19,"Nuevo León",2023,5833569
19,"Nuevo León",2024,5905480
19,"Nuevo León",2025,5976068
19,"Nuevo León",2026,6045314
19,"Nuevo León",2027,6113177
19,"Nuevo León",2028,6179657
19,"Nuevo León",2029,6244716
19,"Nuevo León",2030,6308342
19,"Nuevo León",2031,6370467
19,"Nuevo León",2032,6431069
19,"Nuevo León",2033,6490126
19,"Nuevo León",2034,6547580
19,"Nuevo León",2035,6603395
19,"Nuevo León",2036,6657542
19,"Nuevo León",2037,6709988
19,"Nuevo León",2038,6760721
19,"Nuevo León",2039,6809705
19,"Nuevo León",2040,6856938
19,"Nuevo León",2041,6902386
19,"Nuevo León",2042,6946031
19,"Nuevo León",2043,6987872
19,"Nuevo León",2044,7027891
19,"Nuevo León",2045,7066112
19,"Nuevo León",2046,7102525
19,"Nuevo León",2047,7137116
19,"Nuevo León",2048,7169908
19,"Nuevo León",2049,7200908
19,"Nuevo León",2050,7230141
20,"Oaxaca",1970,2143206
20,"Oaxaca",1971,2177003
20,"Oaxaca",1972,2210640
20,"Oaxaca",1973,2243279
20,"Oaxaca",1974,2274916
20,"Oaxaca",1975,2305365
20,"Oaxaca",1976,2333957
20,"Oaxaca",1977,2360391
20,"Oaxaca",1978,2384778
20,"Oaxaca",1979,2406980
20,"Oaxaca",1980,2440707
20,"Oaxaca",1981,2501062
20,"Oaxaca",1982,2575460
20,"Oaxaca",1983,2649976
20,"Oaxaca",1984,2724402
20,"Oaxaca",1985,2798523
20,"Oaxaca",1986,2872427
20,"Oaxaca",1987,2946249
20,"Oaxaca",1988,3019568
20,"Oaxaca",1989,3092258
20,"Oaxaca",1990,3144346
20,"Oaxaca",1991,3175419
20,"Oaxaca",1992,3204834
20,"Oaxaca",1993,3232250
20,"Oaxaca",1994,3257574
20,"Oaxaca",1995,3280693
20,"Oaxaca",1996,3317185
20,"Oaxaca",1997,3367789
20,"Oaxaca",1998,3417304
20,"Oaxaca",1999,3465731
20,"Oaxaca",2000,3499659
20,"Oaxaca",2001,3521582
20,"Oaxaca",2002,3545443
20,"Oaxaca",2003,3569134
20,"Oaxaca",2004,3591899
20,"Oaxaca",2005,3614750
20,"Oaxaca",2006,3649712
20,"Oaxaca",2007,3697430
20,"Oaxaca",2008,3747429
20,"Oaxaca",2009,3798232
20,"Oaxaca",2010,3846563
20,"Oaxaca",2011,3888461
20,"Oaxaca",2012,3924322
20,"Oaxaca",2013,3958047
20,"Oaxaca",2014,3990077
20,"Oaxaca",2015,4019224
20,"Oaxaca",2016,4046494
20,"Oaxaca",2017,4072328
20,"Oaxaca",2018,4096998
20,"Oaxaca",2019,4120741
20,"Oaxaca",2020,4143593
20,"Oaxaca",2021,4165619
20,"Oaxaca",2022,4186832
20,"Oaxaca",2023,4207237
20,"Oaxaca",2024,4226869
20,"Oaxaca",2025,4245727
20,"Oaxaca",2026,4263851
20,"Oaxaca",2027,4281219
20,"Oaxaca",2028,4297864
20,"Oaxaca",2029,4313760
20,"Oaxaca",2030,4328881
20,"Oaxaca",2031,4343190
20,"Oaxaca",2032,4356655
20,"Oaxaca",2033,4369254
20,"Oaxaca",2034,4380987
20,"Oaxaca",2035,4391818
20,"Oaxaca",2036,4401740
20,"Oaxaca",2037,4410758
20,"Oaxaca",2038,4418892
20,"Oaxaca",2039,4426101
20,"Oaxaca",2040,4432389
20,"Oaxaca",2041,4437719
20,"Oaxaca",2042,4442113
20,"Oaxaca",2043,4445549
20,"Oaxaca",2044,4448070
20,"Oaxaca",2045,4449650
20,"Oaxaca",2046,4450337
20,"Oaxaca",2047,4450113
20,"Oaxaca",2048,4449009
20,"Oaxaca",2049,4447048
20,"Oaxaca",2050,4444240
21,"Puebla",1970,2663441
21,"Puebla",1971,2736276
21,"Puebla",1972,2810734
21,"Puebla",1973,2885848
21,"Puebla",1974,2961655
21,"Puebla",1975,3037947
21,"Puebla",1976,3113858
21,"Puebla",1977,3188944
21,"Puebla",1978,3263307
21,"Puebla",1979,3336777
21,"Puebla",1980,3414015
21,"Puebla",1981,3500606
21,"Puebla",1982,3592250
21,"Puebla",1983,3683721
21,"Puebla",1984,3774739
21,"Puebla",1985,3865046
21,"Puebla",1986,3954814
21,"Puebla",1987,4044168
21,"Puebla",1988,4132622
21,"Puebla",1989,4219953
21,"Puebla",1990,4303595
21,"Puebla",1991,4383732
21,"Puebla",1992,4462865
21,"Puebla",1993,4540496
21,"Puebla",1994,4616476
21,"Puebla",1995,4690626
21,"Puebla",1996,4778942
21,"Puebla",1997,4882284
21,"Puebla",1998,4984849
21,"Puebla",1999,5086521
21,"Puebla",2000,5169926
21,"Puebla",2001,5238757
21,"Puebla",2002,5311014
21,"Puebla",2003,5383511
21,"Puebla",2004,5455057
21,"Puebla",2005,5527174
21,"Puebla",2006,5594768
21,"Puebla",2007,5658467
21,"Puebla",2008,5725491
21,"Puebla",2009,5793599
21,"Puebla",2010,5869069
21,"Puebla",2011,5953938
21,"Puebla",2012,6037918
21,"Puebla",2013,6119292
21,"Puebla",2014,6198759
21,"Puebla",2015,6274482
21,"Puebla",2016,6345952
21,"Puebla",2017,6413391
21,"Puebla",2018,6478819
21,"Puebla",2019,6542484
21,"Puebla",2020,6604451
21,"Puebla",2021,6664764
21,"Puebla",2022,6723431
21,"Puebla",2023,6780465
21,"Puebla",2024,6835862
21,"Puebla",2025,6889660
21,"Puebla",2026,6941840
21,"Puebla",2027,6992427
21,"Puebla",2028,7041406
21,"Puebla",2029,7088739
21,"Puebla",2030,7134421
21,"Puebla",2031,7178440
21,"Puebla",2032,7220739
21,"Puebla",2033,7261300
21,"Puebla",2034,7300104
21,"Puebla",2035,7337136
21,"Puebla",2036,7372384
21,"Puebla",2037,7405848
21,"Puebla",2038,7437497
21,"Puebla",2039,7467300
21,"Puebla",2040,7495251
21,"Puebla",2041,7521329
21,"Puebla",2042,7545512
21,"Puebla",2043,7567789
21,"Puebla",2044,7588155
21,"Puebla",2045,7606630
21,"Puebla",2046,7623217
21,"Puebla",2047,7637957
21,"Puebla",2048,7650837
21,"Puebla",2049,7661870
21,"Puebla",2050,7671054
22,"Querétaro",1970,513546
22,"Querétaro",1971,534509
22,"Querétaro",1972,556198
22,"Querétaro",1973,578464
22,"Querétaro",1974,601291
22,"Querétaro",1975,624653
22,"Querétaro",1976,648374
22,"Querétaro",1977,672371
22,"Querétaro",1978,696667
22,"Querétaro",1979,721208
22,"Querétaro",1980,747964
22,"Querétaro",1981,779157
22,"Querétaro",1982,812997
22,"Querétaro",1983,847416
22,"Querétaro",1984,882346
22,"Querétaro",1985,917743
22,"Querétaro",1986,953641
22,"Querétaro",1987,990042
22,"Querétaro",1988,1026835
22,"Querétaro",1989,1063967
22,"Querétaro",1990,1098065
22,"Querétaro",1991,1129066
22,"Querétaro",1992,1160274
22,"Querétaro",1993,1191539
22,"Querétaro",1994,1222804
22,"Querétaro",1995,1254053
22,"Querétaro",1996,1288074
22,"Querétaro",1997,1325010
22,"Querétaro",1998,1362038
22,"Querétaro",1999,1399138
22,"Querétaro",2000,1435097
22,"Querétaro",2001,1471139
22,"Querétaro",2002,1508741
22,"Querétaro",2003,1547001
22,"Querétaro",2004,1585554
22,"Querétaro",2005,1624845
22,"Querétaro",2006,1666037
22,"Querétaro",2007,1709408
22,"Querétaro",2008,1754614
22,"Querétaro",2009,1801014
22,"Querétaro",2010,1842364
22,"Querétaro",2011,1884058
22,"Querétaro",2012,1930886
22,"Querétaro",2013,1977398
22,"Querétaro",2014,2023820
22,"Querétaro",2015,2069556
22,"Querétaro",2016,2113731
22,"Querétaro",2017,2156167
22,"Querétaro",2018,2197938
22,"Querétaro",2019,2239112
22,"Querétaro",2020,2279637
22,"Querétaro",2021,2319537
22,"Querétaro",2022,2358758
22,"Querétaro",2023,2397293
22,"Querétaro",2024,2435115
22,"Querétaro",2025,2472207
22,"Querétaro",2026,2508557
22,"Querétaro",2027,2544144
22,"Querétaro",2028,2578973
22,"Querétaro",2029,2613029
22,"Querétaro",2030,2646299
22,"Querétaro",2031,2678768
22,"Querétaro",2032,2710434
22,"Querétaro",2033,2741279
22,"Querétaro",2034,2771329
22,"Querétaro",2035,2800545
22,"Querétaro",2036,2828932
22,"Querétaro",2037,2856485
22,"Querétaro",2038,2883206
22,"Querétaro",2039,2909068
22,"Querétaro",2040,2934064
22,"Querétaro",2041,2958169
22,"Querétaro",2042,2981372
22,"Querétaro",2043,3003658
22,"Querétaro",2044,3025008
22,"Querétaro",2045,3045439
22,"Querétaro",2046,3064922
22,"Querétaro",2047,3083437
22,"Querétaro",2048,3101010
22,"Querétaro",2049,3117611
22,"Querétaro",2050,3133237
23,"Quintana Roo",1970,95519
23,"Quintana Roo",1971,106143
23,"Quintana Roo",1972,117323
23,"Quintana Roo",1973,129002
23,"Quintana Roo",1974,141229
23,"Quintana Roo",1975,154016
23,"Quintana Roo",1976,167300
23,"Quintana Roo",1977,181085
23,"Quintana Roo",1978,195376
23,"Quintana Roo",1979,210155
23,"Quintana Roo",1980,227863
23,"Quintana Roo",1981,251179
23,"Quintana Roo",1982,277872
23,"Quintana Roo",1983,305494
23,"Quintana Roo",1984,333993
23,"Quintana Roo",1985,363379
23,"Quintana Roo",1986,393609
23,"Quintana Roo",1987,424692
23,"Quintana Roo",1988,456582
23,"Quintana Roo",1989,489214
23,"Quintana Roo",1990,522220
23,"Quintana Roo",1991,555640
23,"Quintana Roo",1992,589737
23,"Quintana Roo",1993,624475
23,"Quintana Roo",1994,659757
23,"Quintana Roo",1995,695536
23,"Quintana Roo",1996,734420
23,"Quintana Roo",1997,776486
23,"Quintana Roo",1998,819113
23,"Quintana Roo",1999,862250
23,"Quintana Roo",2000,903923
23,"Quintana Roo",2001,944911
23,"Quintana Roo",2002,987352
23,"Quintana Roo",2003,1030697
23,"Quintana Roo",2004,1074660
23,"Quintana Roo",2005,1119547
23,"Quintana Roo",2006,1163300
23,"Quintana Roo",2007,1206051
23,"Quintana Roo",2008,1250391
23,"Quintana Roo",2009,1295873
23,"Quintana Roo",2010,1332929
23,"Quintana Roo",2011,1366947
23,"Quintana Roo",2012,1406411
23,"Quintana Roo",2013,1445879
23,"Quintana Roo",2014,1485510
23,"Quintana Roo",2015,1524873
23,"Quintana Roo",2016,1564920
23,"Quintana Roo",2017,1605362
23,"Quintana Roo",2018,1645237
23,"Quintana Roo",2019,1684541
23,"Quintana Roo",2020,1723259
23,"Quintana Roo",2021,1761389
23,"Quintana Roo",2022,1798913
23,"Quintana Roo",2023,1835796
23,"Quintana Roo",2024,1872048
23,"Quintana Roo",2025,1907656
23,"Quintana Roo",2026,1942609
23,"Quintana Roo",2027,1976875
23,"Quintana Roo",2028,2010478
23,"Quintana Roo",2029,2043413
23,"Quintana Roo",2030,2075660
23,"Quintana Roo",2031,2107252
23,"Quintana Roo",2032,2138152
23,"Quintana Roo",2033,2168369
23,"Quintana Roo",2034,2197899
23,"Quintana Roo",2035,2226728
23,"Quintana Roo",2036,2254835
23,"Quintana Roo",2037,2282210
23,"Quintana Roo",2038,2308852
23,"Quintana Roo",2039,2334714
23,"Quintana Roo",2040,2359796
23,"Quintana Roo",2041,2384080
23,"Quintana Roo",2042,2407554
23,"Quintana Roo",2043,2430208
23,"Quintana Roo",2044,2452042
23,"Quintana Roo",2045,2473022
23,"Quintana Roo",2046,2493151
23,"Quintana Roo",2047,2512417
23,"Quintana Roo",2048,2530822
23,"Quintana Roo",2049,2548364
23,"Quintana Roo",2050,2565037
24,"San Luis Potosí",1970,1349706
24,"San Luis Potosí",1971,1384104
24,"San Luis Potosí",1972,1419173
24,"San Luis Potosí",1973,1454407
24,"San Luis Potosí",1974,1489834
24,"San Luis Potosí",1975,1525356
24,"San Luis Potosí",1976,1560545
24,"San Luis Potosí",1977,1595142
24,"San Luis Potosí",1978,1629252
24,"San Luis Potosí",1979,1662765
24,"San Luis Potosí",1980,1697439
24,"San Luis Potosí",1981,1735463
24,"San Luis Potosí",1982,1775217
24,"San Luis Potosí",1983,1814620
24,"San Luis Potosí",1984,1853581
24,"San Luis Potosí",1985,1891974
24,"San Luis Potosí",1986,1929928
24,"San Luis Potosí",1987,1967500
24,"San Luis Potosí",1988,2004480
24,"San Luis Potosí",1989,2040754
24,"San Luis Potosí",1990,2074600
24,"San Luis Potosí",1991,2106098
24,"San Luis Potosí",1992,2136865
24,"San Luis Potosí",1993,2166725
24,"San Luis Potosí",1994,2195598
24,"San Luis Potosí",1995,2223387
24,"San Luis Potosí",1996,2248780
24,"San Luis Potosí",1997,2271929
24,"San Luis Potosí",1998,2294051
24,"San Luis Potosí",1999,2315149
24,"San Luis Potosí",2000,2338160
24,"San Luis Potosí",2001,2365016
24,"San Luis Potosí",2002,2393415
24,"San Luis Potosí",2003,2421943
24,"San Luis Potosí",2004,2450078
24,"San Luis Potosí",2005,2478522
24,"San Luis Potosí",2006,2506073
24,"San Luis Potosí",2007,2532954
24,"San Luis Potosí",2008,2561307
24,"San Luis Potosí",2009,2590151
24,"San Luis Potosí",2010,2621113
24,"San Luis Potosí",2011,2652434
24,"San Luis Potosí",2012,2680708
24,"San Luis Potosí",2013,2707747
24,"San Luis Potosí",2014,2733855
24,"San Luis Potosí",2015,2758239
24,"San Luis Potosí",2016,2781457
24,"San Luis Potosí",2017,2803692
24,"San Luis Potosí",2018,2825157
24,"San Luis Potosí",2019,2845959
24,"San Luis Potosí",2020,2866142
24,"San Luis Potosí",2021,2885705
24,"San Luis Potosí",2022,2904652
24,"San Luis Potosí",2023,2922963
24,"San Luis Potosí",2024,2940651
24,"San Luis Potosí",2025,2957714
24,"San Luis Potosí",2026,2974106
24,"San Luis Potosí",2027,2989849
24,"San Luis Potosí",2028,3004891
24,"San Luis Potosí",2029,3019262
24,"San Luis Potosí",2030,3032911
24,"San Luis Potosí",2031,3045822
24,"San Luis Potosí",2032,3057988
24,"San Luis Potosí",2033,3069420
24,"San Luis Potosí",2034,3080134
24,"San Luis Potosí",2035,3090136
24,"San Luis Potosí",2036,3099440
24,"San Luis Potosí",2037,3108058
24,"San Luis Potosí",2038,3115996
24,"San Luis Potosí",2039,3123238
24,"San Luis Potosí",2040,3129807
24,"San Luis Potosí",2041,3135652
24,"San Luis Potosí",2042,3140791
24,"San Luis Potosí",2043,3145208
24,"San Luis Potosí",2044,3148918
24,"San Luis Potosí",2045,3151896
24,"San Luis Potosí",2046,3154163
24,"San Luis Potosí",2047,3155708
24,"San Luis Potosí",2048,3156550
24,"San Luis Potosí",2049,3156669
24,"San Luis Potosí",2050,3156095
25,"Sinaloa",1970,1324748
25,"Sinaloa",1971,1373253
25,"Sinaloa",1972,1423344
25,"Sinaloa",1973,1474576
25,"Sinaloa",1974,1526973
25,"Sinaloa",1975,1580485
25,"Sinaloa",1976,1634711
25,"Sinaloa",1977,1689424
25,"Sinaloa",1978,1744686
25,"Sinaloa",1979,1800362
25,"Sinaloa",1980,1852924
25,"Sinaloa",1981,1898962
25,"Sinaloa",1982,1941610
25,"Sinaloa",1983,1983943
25,"Sinaloa",1984,2025871
25,"Sinaloa",1985,2067297
25,"Sinaloa",1986,2108324
25,"Sinaloa",1987,2149034
25,"Sinaloa",1988,2189215
25,"Sinaloa",1989,2228748
25,"Sinaloa",1990,2266834
25,"Sinaloa",1991,2303537
25,"Sinaloa",1992,2339617
25,"Sinaloa",1993,2374827
25,"Sinaloa",1994,2409152
25,"Sinaloa",1995,2442509
25,"Sinaloa",1996,2471732
25,"Sinaloa",1997,2496840
25,"Sinaloa",1998,2520813
25,"Sinaloa",1999,2543638
25,"Sinaloa",2000,2564133
25,"Sinaloa",2001,2584506
25,"Sinaloa",2002,2606531
25,"Sinaloa",2003,2628573
25,"Sinaloa",2004,2650082
25,"Sinaloa",2005,2671826
25,"Sinaloa",2006,2694988
25,"Sinaloa",2007,2719764
25,"Sinaloa",2008,2745887
25,"Sinaloa",2009,2772294
25,"Sinaloa",2010,2806695
25,"Sinaloa",2011,2850246
25,"Sinaloa",2012,2893415
25,"Sinaloa",2013,2935385
25,"Sinaloa",2014,2976480
25,"Sinaloa",2015,3015790
25,"Sinaloa",2016,3049383
25,"Sinaloa",2017,3077430
25,"Sinaloa",2018,3104610
25,"Sinaloa",2019,3131012
25,"Sinaloa",2020,3156674
25,"Sinaloa",2021,3181609
25,"Sinaloa",2022,3205838
25,"Sinaloa",2023,3229357
25,"Sinaloa",2024,3252158
25,"Sinaloa",2025,3274209
25,"Sinaloa",2026,3295524
25,"Sinaloa",2027,3316087
25,"Sinaloa",2028,3335892
25,"Sinaloa",2029,3354937
25,"Sinaloa",2030,3373190
25,"Sinaloa",2031,3390657
25,"Sinaloa",2032,3407322
25,"Sinaloa",2033,3423168
25,"Sinaloa",2034,3438180
25,"Sinaloa",2035,3452378
25,"Sinaloa",2036,3465750
25,"Sinaloa",2037,3478293
25,"Sinaloa",2038,3489987
25,"Sinaloa",2039,3500856
25,"Sinaloa",2040,3510874
25,"Sinaloa",2041,3520059
25,"Sinaloa",2042,3528406
25,"Sinaloa",2043,3535920
25,"Sinaloa",2044,3542591
25,"Sinaloa",2045,3548430
25,"Sinaloa",2046,3553466
25,"Sinaloa",2047,3557673
25,"Sinaloa",2048,3561093
25,"Sinaloa",2049,3563695
25,"Sinaloa",2050,3565524
26,"Sonora",1970,1150886
26,"Sonora",1971,1185576
26,"Sonora",1972,1221234
26,"Sonora",1973,1257444
26,"Sonora",1974,1294235
26,"Sonora",1975,1331593
26,"Sonora",1976,1369171
26,"Sonora",1977,1406823
26,"Sonora",1978,1444595
26,"Sonora",1979,1482381
26,"Sonora",1980,1519803
26,"Sonora",1981,1556677
26,"Sonora",1982,1593292
26,"Sonora",1983,1629777
26,"Sonora",1984,1666073
26,"Sonora",1985,1702075
26,"Sonora",1986,1737875
26,"Sonora",1987,1773554
26,"Sonora",1988,1808923
26,"Sonora",1989,1843879
26,"Sonora",1990,1882899
26,"Sonora",1991,1926154
26,"Sonora",1992,1969259
26,"Sonora",1993,2011980
26,"Sonora",1994,2054290
26,"Sonora",1995,2096083
26,"Sonora",1996,2131728
26,"Sonora",1997,2161176
26,"Sonora",1998,2189792
26,"Sonora",1999,2217529
26,"Sonora",2000,2249571
26,"Sonora",2001,2287914
26,"Sonora",2002,2327937
26,"Sonora",2003,2368275
26,"Sonora",2004,2408426
26,"Sonora",2005,2449098
26,"Sonora",2006,2493190
26,"Sonora",2007,2541130
26,"Sonora",2008,2590980
26,"Sonora",2009,2641800
26,"Sonora",2010,2687480
26,"Sonora",2011,2728730
26,"Sonora",2012,2769535
26,"Sonora",2013,2809131
26,"Sonora",2014,2847816
26,"Sonora",2015,2884754
26,"Sonora",2016,2922666
26,"Sonora",2017,2961810
26,"Sonora",2018,3000127
26,"Sonora",2019,3037752
26,"Sonora",2020,3074745
26,"Sonora",2021,3111119
26,"Sonora",2022,3146894
26,"Sonora",2023,3182072
26,"Sonora",2024,3216651
26,"Sonora",2025,3250609
26,"Sonora",2026,3283941
26,"Sonora",2027,3316618
26,"Sonora",2028,3348676
26,"Sonora",2029,3380057
26,"Sonora",2030,3410763
26,"Sonora",2031,3440763
26,"Sonora",2032,3470043
26,"Sonora",2033,3498550
26,"Sonora",2034,3526270
26,"Sonora",2035,3553180
26,"Sonora",2036,3579274
26,"Sonora",2037,3604513
26,"Sonora",2038,3628879
26,"Sonora",2039,3652353
26,"Sonora",2040,3674945
26,"Sonora",2041,3696646
26,"Sonora",2042,3717414
26,"Sonora",2043,3737281
26,"Sonora",2044,3756252
26,"Sonora",2045,3774314
26,"Sonora",2046,3791472
26,"Sonora",2047,3807730
26,"Sonora",2048,3823108
26,"Sonora",2049,3837605
26,"Sonora",2050,3851223
27,"Tabasco",1970,807996
27,"Tabasco",1971,833050
27,"Tabasco",1972,858774
27,"Tabasco",1973,884856
27,"Tabasco",1974,911291
27,"Tabasco",1975,938035
27,"Tabasco",1976,964864
27,"Tabasco",1977,991631
27,"Tabasco",1978,1018344
27,"Tabasco",1979,1044965
27,"Tabasco",1980,1076455
27,"Tabasco",1981,1118243
27,"Tabasco",1982,1165776
27,"Tabasco",1983,1214064
27,"Tabasco",1984,1263023
27,"Tabasco",1985,1312533
27,"Tabasco",1986,1362661
27,"Tabasco",1987,1413422
27,"Tabasco",1988,1464641
27,"Tabasco",1989,1516231
27,"Tabasco",1990,1561827
27,"Tabasco",1991,1601324
27,"Tabasco",1992,1640875
27,"Tabasco",1993,1680351
27,"Tabasco",1994,1719682
27,"Tabasco",1995,1758806
27,"Tabasco",1996,1795499
27,"Tabasco",1997,1829851
27,"Tabasco",1998,1863944
27,"Tabasco",1999,1897742
27,"Tabasco",2000,1925107
27,"Tabasco",2001,1947490
27,"Tabasco",2002,1971355
27,"Tabasco",2003,1995453
27,"Tabasco",2004,2019302
27,"Tabasco",2005,2043541
27,"Tabasco",2006,2077489
27,"Tabasco",2007,2121626
27,"Tabasco",2008,2167689
27,"Tabasco",2009,2214835
27,"Tabasco",2010,2255253
27,"Tabasco",2011,2290095
27,"Tabasco",2012,2325367
27,"Tabasco",2013,2359785
27,"Tabasco",2014,2393656
27,"Tabasco",2015,2426269
27,"Tabasco",2016,2457373
27,"Tabasco",2017,2486932
27,"Tabasco",2018,2515926
27,"Tabasco",2019,2544372
27,"Tabasco",2020,2572287
27,"Tabasco",2021,2599658
27,"Tabasco",2022,2626490
27,"Tabasco",2023,2652789
27,"Tabasco",2024,2678564
27,"Tabasco",2025,2703816
27,"Tabasco",2026,2728555
27,"Tabasco",2027,2752790
27,"Tabasco",2028,2776519
27,"Tabasco",2029,2799761
27,"Tabasco",2030,2822526
27,"Tabasco",2031,2844821
27,"Tabasco",2032,2866641
27,"Tabasco",2033,2887959
27,"Tabasco",2034,2908780
27,"Tabasco",2035,2929104
27,"Tabasco",2036,2948889
27,"Tabasco",2037,2968129
27,"Tabasco",2038,2986811
27,"Tabasco",2039,3004943
27,"Tabasco",2040,3022490
27,"Tabasco",2041,3039424
27,"Tabasco",2042,3055756
27,"Tabasco",2043,3071472
27,"Tabasco",2044,3086557
27,"Tabasco",2045,3101007
27,"Tabasco",2046,3114809
27,"Tabasco",2047,3127978
27,"Tabasco",2048,3140503
27,"Tabasco",2049,3152392
27,"Tabasco",2050,3163647
28,"Tamaulipas",1970,1520218
28,"Tamaulipas",1971,1560241
28,"Tamaulipas",1972,1601176
28,"Tamaulipas",1973,1642525
28,"Tamaulipas",1974,1684340
28,"Tamaulipas",1975,1726556
28,"Tamaulipas",1976,1768754
28,"Tamaulipas",1977,1810692
28,"Tamaulipas",1978,1852495
28,"Tamaulipas",1979,1894003
28,"Tamaulipas",1980,1934895
28,"Tamaulipas",1981,1975210
28,"Tamaulipas",1982,2015135
28,"Tamaulipas",1983,2054635
28,"Tamaulipas",1984,2093602
28,"Tamaulipas",1985,2131918
28,"Tamaulipas",1986,2169695
28,"Tamaulipas",1987,2207041
28,"Tamaulipas",1988,2243681
28,"Tamaulipas",1989,2279519
28,"Tamaulipas",1990,2319930
28,"Tamaulipas",1991,2365244
28,"Tamaulipas",1992,2410200
28,"Tamaulipas",1993,2454503
28,"Tamaulipas",1994,2498113
28,"Tamaulipas",1995,2540888
28,"Tamaulipas",1996,2588774
28,"Tamaulipas",1997,2642006
28,"Tamaulipas",1998,2694610
28,"Tamaulipas",1999,2746487
28,"Tamaulipas",2000,2798639
28,"Tamaulipas",2001,2853540
28,"Tamaulipas",2002,2910730
28,"Tamaulipas",2003,2968478
28,"Tamaulipas",2004,3026175
28,"Tamaulipas",2005,3084638
28,"Tamaulipas",2006,3134911
28,"Tamaulipas",2007,3177190
28,"Tamaulipas",2008,3221329
28,"Tamaulipas",2009,3266069
28,"Tamaulipas",2010,3310309
28,"Tamaulipas",2011,3352122
28,"Tamaulipas",2012,3390260
28,"Tamaulipas",2013,3426690
28,"Tamaulipas",2014,3461851
28,"Tamaulipas",2015,3494719
28,"Tamaulipas",2016,3527104
28,"Tamaulipas",2017,3559268
28,"Tamaulipas",2018,3590486
28,"Tamaulipas",2019,3620910
28,"Tamaulipas",2020,3650602
28,"Tamaulipas",2021,3679623
28,"Tamaulipas",2022,3708008
28,"Tamaulipas",2023,3735776
28,"Tamaulipas",2024,3762955
28,"Tamaulipas",2025,3789557
28,"Tamaulipas",2026,3815588
28,"Tamaulipas",2027,3841042
28,"Tamaulipas",2028,3865920
28,"Tamaulipas",2029,3890199
28,"Tamaulipas",2030,3913885
28,"Tamaulipas",2031,3936940
28,"Tamaulipas",2032,3959337
28,"Tamaulipas",2033,3981050
28,"Tamaulipas",2034,4002045
28,"Tamaulipas",2035,4022328
28,"Tamaulipas",2036,4041833
28,"Tamaulipas",2037,4060585
28,"Tamaulipas",2038,4078545
28,"Tamaulipas",2039,4095699
28,"Tamaulipas",2040,4112026
28,"Tamaulipas",2041,4127517
28,"Tamaulipas",2042,4142149
28,"Tamaulipas",2043,4155941
28,"Tamaulipas",2044,4168903
28,"Tamaulipas",2045,4181047
28,"Tamaulipas",2046,4192372
28,"Tamaulipas",2047,4202865
28,"Tamaulipas",2048,4212563
28,"Tamaulipas",2049,4221493
28,"Tamaulipas",2050,4229654
29,"Tlaxcala",1970,441624
29,"Tlaxcala",1971,453423
29,"Tlaxcala",1972,465465
29,"Tlaxcala",1973,477617
29,"Tlaxcala",1974,489875
29,"Tlaxcala",1975,502219
29,"Tlaxcala",1976,514499
29,"Tlaxcala",1977,526634
29,"Tlaxcala",1978,538647
29,"Tlaxcala",1979,550515
29,"Tlaxcala",1980,564784
29,"Tlaxcala",1981,584348
29,"Tlaxcala",1982,606851
29,"Tlaxcala",1983,629660
29,"Tlaxcala",1984,652740
29,"Tlaxcala",1985,676059
29,"Tlaxcala",1986,699620
29,"Tlaxcala",1987,723432
29,"Tlaxcala",1988,747443
29,"Tlaxcala",1989,771575
29,"Tlaxcala",1990,793468
29,"Tlaxcala",1991,813099
29,"Tlaxcala",1992,832743
29,"Tlaxcala",1993,852298
29,"Tlaxcala",1994,871744
29,"Tlaxcala",1995,891038
29,"Tlaxcala",1996,910176
29,"Tlaxcala",1997,929160
29,"Tlaxcala",1998,947957
29,"Tlaxcala",1999,966566
29,"Tlaxcala",2000,985704
29,"Tlaxcala",2001,1006183
29,"Tlaxcala",2002,1027534
29,"Tlaxcala",2003,1049132
29,"Tlaxcala",2004,1070738
29,"Tlaxcala",2005,1092677
29,"Tlaxcala",2006,1112330
29,"Tlaxcala",2007,1129802
29,"Tlaxcala",2008,1148108
29,"Tlaxcala",2009,1166802
29,"Tlaxcala",2010,1185869
29,"Tlaxcala",2011,1207060
29,"Tlaxcala",2012,1229572
29,"Tlaxcala",2013,1251774
29,"Tlaxcala",2014,1273768
29,"Tlaxcala",2015,1295194
29,"Tlaxcala",2016,1314415
29,"Tlaxcala",2017,1331372
29,"Tlaxcala",2018,1347932
29,"Tlaxcala",2019,1364147
29,"Tlaxcala",2020,1380011
29,"Tlaxcala",2021,1395545
29,"Tlaxcala",2022,1410744
29,"Tlaxcala",2023,1425604
29,"Tlaxcala",2024,1440126
29,"Tlaxcala",2025,1454302
29,"Tlaxcala",2026,1468134
29,"Tlaxcala",2027,1481620
29,"Tlaxcala",2028,1494751
29,"Tlaxcala",2029,1507531
29,"Tlaxcala",2030,1519945
29,"Tlaxcala",2031,1531979
29,"Tlaxcala",2032,1543647
29,"Tlaxcala",2033,1554941
29,"Tlaxcala",2034,1565832
29,"Tlaxcala",2035,1576337
29,"Tlaxcala",2036,1586455
29,"Tlaxcala",2037,1596175
29,"Tlaxcala",2038,1605500
29,"Tlaxcala",2039,1614413
29,"Tlaxcala",2040,1622897
29,"Tlaxcala",2041,1630968
29,"Tlaxcala",2042,1638608
29,"Tlaxcala",2043,1645808
29,"Tlaxcala",2044,1652571
29,"Tlaxcala",2045,1658902
29,"Tlaxcala",2046,1664770
29,"Tlaxcala",2047,1670209
29,"Tlaxcala",2048,1675193
29,"Tlaxcala",2049,1679749
29,"Tlaxcala",2050,1683836
30,"Veracruz de Ignacio de la Llave",1970,4023704
30,"Veracruz de Ignacio de la Llave",1971,4155795
30,"Veracruz de Ignacio de la Llave",1972,4291861
30,"Veracruz de Ignacio de la Llave",1973,4430462
30,"Veracruz de Ignacio de la Llave",1974,4571750
30,"Veracruz de Ignacio de la Llave",1975,4715572
30,"Veracruz de Ignacio de la Llave",1976,4860718
30,"Veracruz de Ignacio de la Llave",1977,5006568
30,"Veracruz de Ignacio de la Llave",1978,5153377
30,"Veracruz de Ignacio de la Llave",1979,5300873
30,"Veracruz de Ignacio de la Llave",1980,5438454
30,"Veracruz de Ignacio de la Llave",1981,5555464
30,"Veracruz de Ignacio de la Llave",1982,5661179
30,"Veracruz de Ignacio de la Llave",1983,5764923
30,"Veracruz de Ignacio de la Llave",1984,5866270
30,"Veracruz de Ignacio de la Llave",1985,5964876
30,"Veracruz de Ignacio de la Llave",1986,6061052
30,"Veracruz de Ignacio de la Llave",1987,6155016
30,"Veracruz de Ignacio de la Llave",1988,6246050
30,"Veracruz de Ignacio de la Llave",1989,6333869
30,"Veracruz de Ignacio de la Llave",1990,6419465
30,"Veracruz de Ignacio de la Llave",1991,6503335
30,"Veracruz de Ignacio de la Llave",1992,6584654
30,"Veracruz de Ignacio de la Llave",1993,6662798
30,"Veracruz de Ignacio de la Llave",1994,6737696
30,"Veracruz de Ignacio de la Llave",1995,6809115
30,"Veracruz de Ignacio de la Llave",1996,6863219
30,"Veracruz de Ignacio de la Llave",1997,6900135
30,"Veracruz de Ignacio de la Llave",1998,6933318
30,"Veracruz de Ignacio de la Llave",1999,6962832
30,"Veracruz de Ignacio de la Llave",2000,7004842
30,"Veracruz de Ignacio de la Llave",2001,7065287
30,"Veracruz de Ignacio de la Llave",2002,7129867
30,"Veracruz de Ignacio de la Llave",2003,7194356
30,"Veracruz de Ignacio de la Llave",2004,7257404
30,"Veracruz de Ignacio de la Llave",2005,7320978
30,"Veracruz de Ignacio de la Llave",2006,7393341
30,"Veracruz de Ignacio de la Llave",2007,7475403
30,"Veracruz de Ignacio de la Llave",2008,7561551
30,"Veracruz de Ignacio de la Llave",2009,7649004
30,"Veracruz de Ignacio de la Llave",2010,7747684
30,"Veracruz de Ignacio de la Llave",2011,7855504
30,"Veracruz de Ignacio de la Llave",2012,7957243
30,"Veracruz de Ignacio de la Llave",2013,8055384
30,"Veracruz de Ignacio de la Llave",2014,8150881
30,"Veracruz de Ignacio de la Llave",2015,8241248
30,"Veracruz de Ignacio de la Llave",2016,8316599
30,"Veracruz de Ignacio de la Llave",2017,8376971
30,"Veracruz de Ignacio de la Llave",2018,8434163
30,"Veracruz de Ignacio de la Llave",2019,8488447
30,"Veracruz de Ignacio de la Llave",2020,8539862
30,"Veracruz de Ignacio de la Llave",2021,8588469
30,"Veracruz de Ignacio de la Llave",2022,8634299
30,"Veracruz de Ignacio de la Llave",2023,8677408
30,"Veracruz de Ignacio de la Llave",2024,8717825
30,"Veracruz de Ignacio de la Llave",2025,8755572
30,"Veracruz de Ignacio de la Llave",2026,8790728
30,"Veracruz de Ignacio de la Llave",2027,8823329
30,"Veracruz de Ignacio de la Llave",2028,8853409
30,"Veracruz de Ignacio de la Llave",2029,8881036
30,"Veracruz de Ignacio de la Llave",2030,8906242
30,"Veracruz de Ignacio de la Llave",2031,8929094
30,"Veracruz de Ignacio de la Llave",2032,8949602
30,"Veracruz de Ignacio de la Llave",2033,8967808
30,"Veracruz de Ignacio de la Llave",2034,8983714
30,"Veracruz de Ignacio de la Llave",2035,8997330
30,"Veracruz de Ignacio de la Llave",2036,9008695
30,"Veracruz de Ignacio de la Llave",2037,9017814
30,"Veracruz de Ignacio de la Llave",2038,9024671
30,"Veracruz de Ignacio de la Llave",2039,9029284
30,"Veracruz de Ignacio de la Llave",2040,9031614
30,"Veracruz de Ignacio de la Llave",2041,9031679
30,"Veracruz de Ignacio de la Llave",2042,9029449
30,"Veracruz de Ignacio de la Llave",2043,9024930
30,"Veracruz de Ignacio de la Llave",2044,9018137
30,"Veracruz de Ignacio de la Llave",2045,9009084
30,"Veracruz de Ignacio de la Llave",2046,8997806
30,"Veracruz de Ignacio de la Llave",2047,8984342
30,"Veracruz de Ignacio de la Llave",2048,8968716
30,"Veracruz de Ignacio de la Llave",2049,8950935
30,"Veracruz de Ignacio de la Llave",2050,8931064
31,"Yucatán",1970,806269
31,"Yucatán",1971,831604
31,"Yucatán",1972,857674
31,"Yucatán",1973,884183
31,"Yucatán",1974,911175
31,"Yucatán",1975,938655
31,"Yucatán",1976,966344
31,"Yucatán",1977,994111
31,"Yucatán",1978,1022033
31,"Yucatán",1979,1050049
31,"Yucatán",1980,1079405
31,"Yucatán",1981,1111550
31,"Yucatán",1982,1145300
31,"Yucatán",1983,1179220
31,"Yucatán",1984,1213209
31,"Yucatán",1985,1247187
31,"Yucatán",1986,1281208
31,"Yucatán",1987,1315313
31,"Yucatán",1988,1349341
31,"Yucatán",1989,1383196
31,"Yucatán",1990,1415248
31,"Yucatán",1991,1445575
31,"Yucatán",1992,1475801
31,"Yucatán",1993,1505708
31,"Yucatán",1994,1535267
31,"Yucatán",1995,1564379
31,"Yucatán",1996,1591179
31,"Yucatán",1997,1615703
31,"Yucatán",1998,1639642
31,"Yucatán",1999,1662972
31,"Yucatán",2000,1689952
31,"Yucatán",2001,1722120
31,"Yucatán",2002,1755676
31,"Yucatán",2003,1789571
31,"Yucatán",2004,1823424
31,"Yucatán",2005,1857713
31,"Yucatán",2006,1885599
31,"Yucatán",2007,1907202
31,"Yucatán",2008,1929920
31,"Yucatán",2009,1953014
31,"Yucatán",2010,1979695
31,"Yucatán",2011,2010757
31,"Yucatán",2012,2041581
31,"Yucatán",2013,2071527
31,"Yucatán",2014,2100817
31,"Yucatán",2015,2128802
31,"Yucatán",2016,2155883
31,"Yucatán",2017,2182255
31,"Yucatán",2018,2208236
31,"Yucatán",2019,2233866
31,"Yucatán",2020,2259098
31,"Yucatán",2021,2283943
31,"Yucatán",2022,2308370
31,"Yucatán",2023,2332395
31,"Yucatán",2024,2355992
31,"Yucatán",2025,2379148
31,"Yucatán",2026,2401833
31,"Yucatán",2027,2424046
31,"Yucatán",2028,2445788
31,"Yucatán",2029,2467042
31,"Yucatán",2030,2487794
31,"Yucatán",2031,2508041
31,"Yucatán",2032,2527772
31,"Yucatán",2033,2546987
31,"Yucatán",2034,2565676
31,"Yucatán",2035,2583814
31,"Yucatán",2036,2601435
31,"Yucatán",2037,2618498
31,"Yucatán",2038,2634998
31,"Yucatán",2039,2650935
31,"Yucatán",2040,2666291
31,"Yucatán",2041,2681061
31,"Yucatán",2042,2695212
31,"Yucatán",2043,2708758
31,"Yucatán",2044,2721694
31,"Yucatán",2045,2733991
31,"Yucatán",2046,2745654
31,"Yucatán",2047,2756661
31,"Yucatán",2048,2767011
31,"Yucatán",2049,2776700
31,"Yucatán",2050,2785722
32,"Zacatecas",1970,990750
32,"Zacatecas",1971,1008700
32,"Zacatecas",1972,1026668
32,"Zacatecas",1973,1044264
32,"Zacatecas",1974,1061500
32,"Zacatecas",1975,1078311
32,"Zacatecas",1976,1094341
32,"Zacatecas",1977,1109446
32,"Zacatecas",1978,1123678
32,"Zacatecas",1979,1136949
32,"Zacatecas",1980,1151202
32,"Zacatecas",1981,1168730
32,"Zacatecas",1982,1187763
32,"Zacatecas",1983,1206245
32,"Zacatecas",1984,1224093
32,"Zacatecas",1985,1241268
32,"Zacatecas",1986,1257849
32,"Zacatecas",1987,1273909
32,"Zacatecas",1988,1289326
32,"Zacatecas",1989,1304021
32,"Zacatecas",1990,1316068
32,"Zacatecas",1991,1325501
32,"Zacatecas",1992,1334280
32,"Zacatecas",1993,1342251
32,"Zacatecas",1994,1349421
32,"Zacatecas",1995,1355783
32,"Zacatecas",1996,1360426
32,"Zacatecas",1997,1363429
32,"Zacatecas",1998,1365536
32,"Zacatecas",1999,1366763
32,"Zacatecas",2000,1370630
32,"Zacatecas",2001,1378314
32,"Zacatecas",2002,1386698
32,"Zacatecas",2003,1394980
32,"Zacatecas",2004,1402836
32,"Zacatecas",2005,1410658
32,"Zacatecas",2006,1424542
32,"Zacatecas",2007,1444747
32,"Zacatecas",2008,1465789
32,"Zacatecas",2009,1487129
32,"Zacatecas",2010,1508108
32,"Zacatecas",2011,1528547
32,"Zacatecas",2012,1548006
32,"Zacatecas",2013,1566677
32,"Zacatecas",2014,1584738
32,"Zacatecas",2015,1601701
32,"Zacatecas",2016,1616675
32,"Zacatecas",2017,1629789
32,"Zacatecas",2018,1642388
32,"Zacatecas",2019,1654593
32,"Zacatecas",2020,1666426
32,"Zacatecas",2021,1677911
32,"Zacatecas",2022,1689080
32,"Zacatecas",2023,1699893
32,"Zacatecas",2024,1710401
32,"Zacatecas",2025,1720628
32,"Zacatecas",2026,1730562
32,"Zacatecas",2027,1740227
32,"Zacatecas",2028,1749635
32,"Zacatecas",2029,1758786
32,"Zacatecas",2030,1767686
32,"Zacatecas",2031,1776332
32,"Zacatecas",2032,1784706
32,"Zacatecas",2033,1792811
32,"Zacatecas",2034,1800624
32,"Zacatecas",2035,1808146
32,"Zacatecas",2036,1815386
32,"Zacatecas",2037,1822330
32,"Zacatecas",2038,1828963
32,"Zacatecas",2039,1835269
32,"Zacatecas",2040,1841241
32,"Zacatecas",2041,1846870
32,"Zacatecas",2042,1852137
32,"Zacatecas",2043,1857020
32,"Zacatecas",2044,1861544
32,"Zacatecas",2045,1865684
32,"Zacatecas",2046,1869439
32,"Zacatecas",2047,1872817
32,"Zacatecas",2048,1875811
32,"Zacatecas",2049,1878452
32,"Zacatecas",2050,1880721
